lhs,rhs,vars,gas saved,opt source,opt target,tpdb
PUSH w_1 DUP5 ADD SWAP2 SWAP1 SWAP2,SWAP1 DUP4 PUSH w_1 ADD,w_1,6,PUSH 928 DUP5 ADD SWAP2 SWAP1 SWAP2,SWAP1 DUP4 PUSH 928 ADD,"PUSH(w_1, DUP5(ADD(SWAP2(SWAP1(SWAP2(P)))))) -> SWAP1(DUP4(PUSH(w_1, ADD(P))))"
PUSH w_2 DUP1 DUP4 ADD SWAP2 SWAP1 SWAP2,PUSH w_2 SWAP1 PUSH w_2 DUP4 ADD,w_2,6,PUSH 32 DUP1 DUP4 ADD SWAP2 SWAP1 SWAP2,PUSH 32 SWAP1 PUSH 32 DUP4 ADD,"PUSH(w_2, DUP1(DUP4(ADD(SWAP2(SWAP1(SWAP2(P))))))) ->  PUSH(w_2, SWAP1(PUSH(w_2, DUP4(ADD(P)))))"
ADD PUSH 1 ISZERO ISZERO,SWAP1 ADD PUSH 1,,3,PUSH 32 ADD PUSH 1 ISZERO ISZERO DUP2,PUSH 32 SWAP1 ADD PUSH 1 DUP2,"ADD(PUSH(1, ISZERO(ISZERO(P)))) -> SWAP1(ADD(PUSH(1, P)))"
PUSH w_1 SWAP2 DUP2 ADD SWAP2 SWAP1 SWAP2,DUP1 PUSH w_1 SWAP2 SWAP3 ADD,w_1,6,PUSH 10 SWAP2 DUP2 ADD SWAP2 SWAP1 SWAP2,DUP1 PUSH 10 SWAP2 SWAP3 ADD,"PUSH(w_1, SWAP2(DUP2(ADD(SWAP2(SWAP1(SWAP2(P))))))) ->  DUP1(PUSH(w_1, SWAP2(SWAP3(ADD(P)))))"
PUSH w_3 SLOAD PUSH w_2 SLOAD SWAP1,PUSH w_2 SLOAD PUSH w_3 SLOAD,w_3 w_2,3,PUSH 10 SLOAD PUSH 11 SLOAD SWAP1 SWAP2,PUSH 11 SLOAD PUSH 10 SLOAD SWAP2,"PUSH(w_3, SLOAD(PUSH(w_2, SLOAD(SWAP1(P))))) ->  PUSH(w_2, SLOAD(PUSH(w_3, SLOAD(P))))"
DUP2 SWAP1 SSTORE POP POP POP,SSTORE EQ POP,,7,PUSH 1 DUP2 SWAP1 SSTORE POP POP POP,PUSH 1 SSTORE EQ POP,DUP2(SWAP1(SSTORE(POP(POP(POP(P)))))) -> SSTORE(EQ(POP(P)))
PUSH w_2 DUP1 PUSH w_2 DUP1 SWAP2 POP,PUSH w_2 DUP1 DUP1,w_2,8,PUSH 0 DUP1 PUSH 0 DUP1 SWAP2 POP,PUSH 0 DUP1 DUP1,"PUSH(w_2, DUP1(PUSH(w_2, DUP1(SWAP2(POP(P)))))) -> PUSH(w_2, DUP1(DUP1(P)))"
PUSH w_3 DUP1 PUSH w_4 DUP1 SWAP1 POP,PUSH w_3 PUSH w_3 PUSH w_4,w_3 w_4,8,PUSH 0 DUP1 PUSH 0 DUP1 SWAP1 POP,PUSH 0 PUSH 0 PUSH 0,"PUSH(w_3, DUP1(PUSH(w_4, DUP1(SWAP1(POP(P)))))) ->  PUSH(w_3, PUSH(w_3, PUSH(w_4, P)))"
DUP1 SWAP4 SWAP3 SWAP2 SWAP1,SWAP3 SWAP2 SWAP1 DUP4,,3,DUP1 SWAP4 SWAP3 SWAP2 SWAP1 DUP2 DUP2,SWAP3 SWAP2 SWAP1 DUP4 DUP2 DUP2,DUP1(SWAP4(SWAP3(SWAP2(SWAP1(P))))) -> SWAP3(SWAP2(SWAP1(DUP4(P))))
PUSH w_4 PUSH w_2 MLOAD SWAP1 DUP1,PUSH w_2 MLOAD PUSH w_4 PUSH w_4,w_4 w_2,3,PUSH 0 PUSH 64 MLOAD SWAP1 DUP1 DUP3,PUSH 64 MLOAD PUSH 0 PUSH 0 DUP3,"PUSH(w_4, PUSH(w_2, MLOAD(SWAP1(DUP1(P))))) ->  PUSH(w_2, MLOAD(PUSH(w_4, PUSH(w_4, P))))"
PUSH w_3 PUSH w_4 DUP3 ADD DUP2 SWAP1,PUSH w_3 PUSH w_3 DUP3 PUSH w_4 ADD,w_3 w_4,3,PUSH 0 PUSH 36 DUP3 ADD DUP2 SWAP1,PUSH 0 PUSH 0 DUP3 PUSH 36 ADD,"PUSH(w_3, PUSH(w_4, DUP3(ADD(DUP2(SWAP1(P)))))) ->  PUSH(w_3, PUSH(w_3, DUP3(PUSH(w_4, ADD(P)))))"
RETURNDATASIZE PUSH w_2 MLOAD DUP2,RETURNDATASIZE PUSH w_2 MLOAD RETURNDATASIZE,w_2,1,RETURNDATASIZE PUSH 64 MLOAD DUP2 PUSH 0 DUP3,RETURNDATASIZE PUSH 64 MLOAD RETURNDATASIZE PUSH 0 DUP3,"RETURNDATASIZE(PUSH(w_2, MLOAD(DUP2(P)))) ->  RETURNDATASIZE(PUSH(w_2, MLOAD(RETURNDATASIZE(P))))"
RETURNDATASIZE PUSH w_2 DUP2 EQ,RETURNDATASIZE RETURNDATASIZE PUSH w_2 EQ,w_2,1,RETURNDATASIZE PUSH 32 DUP2 EQ PUSH 13560,RETURNDATASIZE RETURNDATASIZE PUSH 32 EQ PUSH 13560,"RETURNDATASIZE(PUSH(w_2, DUP2(EQ(P)))) ->  RETURNDATASIZE(RETURNDATASIZE(PUSH(w_2, EQ(P))))"
CALLDATASIZE PUSH w_2 DUP2 EQ,CALLDATASIZE CALLDATASIZE PUSH w_2 EQ,w_2,1,CALLDATASIZE PUSH 8 DUP2 EQ PUSH 1273,CALLDATASIZE CALLDATASIZE PUSH 8 EQ PUSH 1273,"CALLDATASIZE(PUSH(w_2, DUP2(EQ(P)))) ->  CALLDATASIZE(CALLDATASIZE(PUSH(w_2, EQ(P))))"
SWAP2 POP POP POP,OR POP POP,,2,SWAP2 POP POP POP PUSH 478,OR POP POP PUSH 478,SWAP2(POP(POP(POP(P)))) -> OR(POP(POP(P)))
DUP3 PUSH w_1 DUP2 SWAP1 SSTORE POP,DUP3 SWAP3 PUSH w_1 SSTORE,w_1,5,DUP3 PUSH 4 DUP2 SWAP1 SSTORE POP,DUP3 SWAP3 PUSH 4 SSTORE,"DUP3(PUSH(w_1, DUP2(SWAP1(SSTORE(POP(P)))))) ->  DUP3(SWAP3(PUSH(w_1, SSTORE(P))))"
DUP2 PUSH 0 ADD DUP2 DUP2,DUP2 DUP2 DUP4,,6,DUP2 DUP2 PUSH 0 ADD DUP2 DUP2,DUP2 DUP2 DUP2 DUP4,"DUP2(PUSH(0, ADD(DUP2(DUP2(P))))) -> DUP2(DUP2(DUP4(P)))"
DUP1 SWAP2 POP POP SWAP2 SWAP1 POP,SWAP3 SWAP2 POP POP,,8,DUP1 SWAP2 POP POP SWAP2 SWAP1 POP,SWAP3 SWAP2 POP POP,DUP1(SWAP2(POP(POP(SWAP2(SWAP1(POP(P))))))) -> SWAP3(SWAP2(POP(POP(P))))
DUP1 PUSH w_0 DUP1 NOT AND DUP2,DUP1 PUSH 0 DUP3,w_0,9,DUP1 PUSH 0 DUP1 NOT AND DUP2,DUP1 PUSH 0 DUP3,"DUP1(PUSH(w_0, DUP1(NOT(AND(DUP2(P)))))) -> DUP1(PUSH(0, DUP3(P)))"
ADDRESS BALANCE SWAP1 POP,POP ADDRESS BALANCE,,3,ADDRESS BALANCE SWAP1 POP,POP ADDRESS BALANCE,ADDRESS(BALANCE(SWAP1(POP(P)))) -> POP(ADDRESS(BALANCE(P)))
CALLER PUSH w_3 SWAP1,PUSH w_3 CALLER,w_3,3,PUSH 143 CALLER PUSH 0 SWAP1 DUP2,PUSH 143 PUSH 0 CALLER DUP2,"CALLER(PUSH(w_3, SWAP1(P))) -> PUSH(w_3, CALLER(P))"
PUSH w_1 DUP4 ADD SWAP4 SWAP1 SWAP4,SWAP3 PUSH w_1 DUP4 ADD,w_1,6,PUSH 96 DUP4 ADD SWAP4 SWAP1 SWAP4,SWAP3 PUSH 96 DUP4 ADD,"PUSH(w_1, DUP4(ADD(SWAP4(SWAP1(SWAP4(P)))))) ->  SWAP3(PUSH(w_1, DUP4(ADD(P))))"
PUSH w_2 DUP1 MLOAD CALLVALUE DUP1,PUSH w_2 PUSH w_2 MLOAD CALLVALUE CALLVALUE,w_2,1,PUSH 64 DUP1 MLOAD CALLVALUE DUP1 DUP3,PUSH 64 PUSH 64 MLOAD CALLVALUE CALLVALUE DUP3,"PUSH(w_2, DUP1(MLOAD(CALLVALUE(DUP1(P))))) ->  PUSH(w_2, PUSH(w_2, MLOAD(CALLVALUE(CALLVALUE(P)))))"
SWAP3 DUP4 SWAP1,DUP1 SWAP4,,3,SWAP3 DUP4 SWAP1,DUP1 SWAP4,SWAP3(DUP4(SWAP1(P))) -> DUP1(SWAP4(P))
PUSH w_2 DUP1 DUP4 ADD DUP5 SWAP1,PUSH w_2 DUP4 DUP4 PUSH w_2 ADD,w_2,3,PUSH 32 DUP1 DUP4 ADD DUP5 SWAP1,PUSH 32 DUP4 DUP4 PUSH 32 ADD,"PUSH(w_2, DUP1(DUP4(ADD(DUP5(SWAP1(P)))))) ->  PUSH(w_2, DUP4(DUP4(PUSH(w_2, ADD(P)))))"
PUSH w_0 MUL ADD MLOAD POP,POP POP,w_0,11,PUSH 32 MUL ADD MLOAD POP POP,POP POP POP,"PUSH(w_0, MUL(ADD(MLOAD(POP(P))))) -> POP(POP(P))"
SWAP1 DUP2 SWAP1,DUP1 SWAP2,,3,SWAP1 DUP2 SWAP1,DUP1 SWAP2,SWAP1(DUP2(SWAP1(P))) -> DUP1(SWAP2(P))
PUSH 1 CALLDATASIZE LT ISZERO,CALLDATASIZE PUSH 0 LT,,3,PUSH 1 CALLDATASIZE LT ISZERO PUSH 15,CALLDATASIZE PUSH 0 LT PUSH 15,"PUSH(1, CALLDATASIZE(LT(ISZERO(P)))) -> CALLDATASIZE(PUSH(0, LT(P)))"
DUP6 SWAP6 POP,,,8,DUP6 SWAP6 POP,,DUP6(SWAP6(POP(P))) -> P
DUP2 SWAP1 POP SWAP2 SWAP1 POP,POP SWAP1,,11,DUP2 SWAP1 POP SWAP2 SWAP1 POP,POP SWAP1,DUP2(SWAP1(POP(SWAP2(SWAP1(POP(P)))))) -> POP(SWAP1(P))
DUP2 DUP4 ADD SWAP4 SWAP1 SWAP4,SWAP3 DUP3 DUP3 ADD,,6,DUP2 DUP4 ADD SWAP4 SWAP1 SWAP4,SWAP3 DUP3 DUP3 ADD,DUP2(DUP4(ADD(SWAP4(SWAP1(SWAP4(P)))))) -> SWAP3(DUP3(DUP3(ADD(P))))
DUP5 SWAP1 POP,POP DUP4,,3,DUP5 SWAP1 POP,POP DUP4,DUP5(SWAP1(POP(P))) -> POP(DUP4(P))
DUP3 SWAP3 POP,,,8,DUP3 SWAP3 POP,,DUP3(SWAP3(POP(P))) -> P
PUSH w_3 CALLDATALOAD PUSH w_4 SWAP1 DUP2,PUSH w_4 PUSH w_3 CALLDATALOAD PUSH w_4,w_3 w_4,3,PUSH 4 CALLDATALOAD PUSH 0 SWAP1 DUP2,PUSH 0 PUSH 4 CALLDATALOAD PUSH 0,"PUSH(w_3, CALLDATALOAD(PUSH(w_4, SWAP1(DUP2(P))))) ->  PUSH(w_4, PUSH(w_3, CALLDATALOAD(PUSH(w_4, P))))"
PUSH w_3 SLOAD PUSH w_4 SWAP1 DUP2,PUSH w_4 PUSH w_3 SLOAD PUSH w_4,w_3 w_4,3,PUSH 1 SLOAD PUSH 0 SWAP1 DUP2,PUSH 0 PUSH 1 SLOAD PUSH 0,"PUSH(w_3, SLOAD(PUSH(w_4, SWAP1(DUP2(P))))) ->  PUSH(w_4, PUSH(w_3, SLOAD(PUSH(w_4, P))))"
PUSH w_8 DUP1 DUP3 SWAP2 POP PUSH w_6 PUSH w_8 DUP5 PUSH w_7 AND PUSH w_7 AND DUP2,DUP1 PUSH w_8 PUSH w_6 DUP2 PUSH w_7 DUP5 AND PUSH w_8,w_8 w_6 w_7,14,PUSH 0 DUP1 DUP3 SWAP2 POP PUSH 1 PUSH 0 DUP5 PUSH 1461501637330902918203684832716283019655932542975 AND PUSH 1461501637330902918203684832716283019655932542975 AND DUP2,DUP1 PUSH 0 PUSH 1 DUP2 PUSH 1461501637330902918203684832716283019655932542975 DUP5 AND PUSH 0,"PUSH(w_8, DUP1(DUP3(SWAP2(POP(PUSH(w_6, PUSH(w_8, DUP5(PUSH(w_7, AND(PUSH(w_7, AND(DUP2(P))))))))))))) ->  DUP1(PUSH(w_8, PUSH(w_6, DUP2(PUSH(w_7, DUP5(AND(PUSH(w_8, P))))))))"
SWAP3 ADD SWAP2 SWAP1 SWAP2,SWAP2 SWAP3 ADD,,6,PUSH 0 SWAP3 ADD SWAP2 SWAP1 SWAP2,PUSH 0 SWAP2 SWAP3 ADD,SWAP3(ADD(SWAP2(SWAP1(SWAP2(P))))) -> SWAP2(SWAP3(ADD(P)))
DUP4 DUP6 ADD DUP2 SWAP1,DUP1 DUP6 DUP6 ADD,,3,PUSH 0 DUP4 DUP6 ADD DUP2 SWAP1,PUSH 0 DUP1 DUP6 DUP6 ADD,DUP4(DUP6(ADD(DUP2(SWAP1(P))))) -> DUP1(DUP6(DUP6(ADD(P))))
PUSH 0 DUP2 LT,PUSH 0,,6,PUSH 0 DUP2 LT PUSH 2911,PUSH 0 PUSH 2911,"PUSH(0, DUP2(LT(P))) -> PUSH(0, P)"
DUP1 PUSH w_3 SWAP1 POP,PUSH w_3,w_3,8,PUSH 0 DUP1 PUSH 1 SWAP1 POP,PUSH 0 PUSH 1,"DUP1(PUSH(w_3, SWAP1(POP(P)))) -> PUSH(w_3, P)"
PUSH w_3 DUP1 PUSH w_2 SWAP2 POP,PUSH w_2 PUSH w_3,w_3 w_2,8,PUSH 0 DUP1 PUSH 0 SWAP2 POP,PUSH 0 PUSH 0,"PUSH(w_3, DUP1(PUSH(w_2, SWAP2(POP(P))))) -> PUSH(w_2, PUSH(w_3, P))"
DUP2 SWAP2 POP,,,8,DUP2 SWAP2 POP,,DUP2(SWAP2(POP(P))) -> P
PUSH w_2 DUP1 PUSH w_2 SWAP1 POP,PUSH w_2 DUP1,w_2,8,PUSH 0 DUP1 PUSH 0 SWAP1 POP,PUSH 0 DUP1,"PUSH(w_2, DUP1(PUSH(w_2, SWAP1(POP(P))))) -> PUSH(w_2, DUP1(P))"
PUSH w_3 PUSH w_2 SWAP1 SWAP2 ADD,PUSH w_2 ADD PUSH w_3 SWAP1,w_3 w_2,3,PUSH 0 PUSH 32 SWAP1 SWAP2 ADD,PUSH 32 ADD PUSH 0 SWAP1,"PUSH(w_3, PUSH(w_2, SWAP1(SWAP2(ADD(P))))) ->  PUSH(w_2, ADD(PUSH(w_3, SWAP1(P))))"
PUSH 1 ISZERO ISZERO PUSH w_6 PUSH w_7 ORIGIN PUSH w_8 AND PUSH w_8 AND,PUSH 1 PUSH w_6 PUSH w_7 PUSH w_8 ORIGIN AND,w_6 w_7 w_8,12,PUSH 1 ISZERO ISZERO PUSH 10 PUSH 0 ORIGIN PUSH 1461501637330902918203684832716283019655932542975 AND PUSH 1461501637330902918203684832716283019655932542975 AND DUP2,PUSH 1 PUSH 10 PUSH 0 PUSH 1461501637330902918203684832716283019655932542975 ORIGIN AND DUP2,"PUSH(1, ISZERO(ISZERO(PUSH(w_6, PUSH(w_7, ORIGIN(PUSH(w_8, AND(PUSH(w_8, AND(P)))))))))) ->  PUSH(1, PUSH(w_6, PUSH(w_7, PUSH(w_8, ORIGIN(AND(P))))))"
DUP1 MLOAD SWAP1 POP,MLOAD,,8,POP DUP1 MLOAD SWAP1 POP PUSH 0,POP MLOAD PUSH 0,DUP1(MLOAD(SWAP1(POP(P)))) -> MLOAD(P)
PUSH w_8 AND PUSH w_8 AND,PUSH w_8 AND,w_8,6,PUSH 0 PUSH 1 PUSH 0 DUP4 PUSH 1461501637330902918203684832716283019655932542975 AND PUSH 1461501637330902918203684832716283019655932542975 AND DUP2,PUSH 0 PUSH 1 PUSH 0 DUP4 PUSH 1461501637330902918203684832716283019655932542975 AND DUP2,"PUSH(w_8, AND(PUSH(w_8, AND(P)))) -> PUSH(w_8, AND(P))"
PUSH 0 PUSH w_2 SLOAD EQ,PUSH w_2 SLOAD ISZERO,w_2,3,POP PUSH 0 PUSH 4 SLOAD EQ,POP PUSH 4 SLOAD ISZERO,"PUSH(0, PUSH(w_2, SLOAD(EQ(P)))) -> PUSH(w_2, SLOAD(ISZERO(P)))"
PUSH w_7 CALLER PUSH w_6 AND PUSH w_6 AND DUP2,PUSH w_7 PUSH w_6 CALLER AND PUSH w_7,w_7 w_6,6,TIMESTAMP PUSH 1 PUSH 0 CALLER PUSH 1461501637330902918203684832716283019655932542975 AND PUSH 1461501637330902918203684832716283019655932542975 AND DUP2,TIMESTAMP PUSH 1 PUSH 0 PUSH 1461501637330902918203684832716283019655932542975 CALLER AND PUSH 0,"PUSH(w_7, CALLER(PUSH(w_6, AND(PUSH(w_6, AND(DUP2(P))))))) ->  PUSH(w_7, PUSH(w_6, CALLER(AND(PUSH(w_7, P)))))"
PUSH w_7 DUP3 PUSH w_5 AND PUSH w_5 AND DUP2,PUSH w_5 PUSH w_7 SWAP1 DUP4 AND PUSH w_7,w_7 w_5,3,CALLER PUSH 6 PUSH 0 DUP3 PUSH 1461501637330902918203684832716283019655932542975 AND PUSH 1461501637330902918203684832716283019655932542975 AND DUP2,CALLER PUSH 6 PUSH 1461501637330902918203684832716283019655932542975 PUSH 0 SWAP1 DUP4 AND PUSH 0,"PUSH(w_7, DUP3(PUSH(w_5, AND(PUSH(w_5, AND(DUP2(P))))))) ->  PUSH(w_5, PUSH(w_7, SWAP1(DUP4(AND(PUSH(w_7, P))))))"
SWAP1 LT,GT,,3,TIMESTAMP DUP3 SWAP1 LT PUSH 5168,TIMESTAMP DUP3 GT PUSH 5168,SWAP1(LT(P)) -> GT(P)
PUSH w_7 DUP4 PUSH w_6 AND PUSH w_6 AND DUP2,PUSH w_7 PUSH w_6 DUP5 AND PUSH w_7,w_7 w_6,6,PUSH 1 PUSH 0 DUP4 PUSH 1461501637330902918203684832716283019655932542975 AND PUSH 1461501637330902918203684832716283019655932542975 AND DUP2,PUSH 1 PUSH 0 PUSH 1461501637330902918203684832716283019655932542975 DUP5 AND PUSH 0,"PUSH(w_7, DUP4(PUSH(w_6, AND(PUSH(w_6, AND(DUP2(P))))))) ->  PUSH(w_7, PUSH(w_6, DUP5(AND(PUSH(w_7, P)))))"
DUP1 ADDRESS PUSH w_4 AND PUSH w_4 AND DUP2,DUP1 PUSH w_4 ADDRESS AND DUP3,w_4,6,PUSH 0 DUP1 ADDRESS PUSH 1461501637330902918203684832716283019655932542975 AND PUSH 1461501637330902918203684832716283019655932542975 AND DUP2,PUSH 0 DUP1 PUSH 1461501637330902918203684832716283019655932542975 ADDRESS AND DUP3,"DUP1(ADDRESS(PUSH(w_4, AND(PUSH(w_4, AND(DUP2(P))))))) ->  DUP1(PUSH(w_4, ADDRESS(AND(DUP3(P)))))"
PUSH w_2 PUSH 1 MUL SWAP1 POP DUP2 DUP2 SSTORE POP POP,POP PUSH w_2 SSTORE,w_2,21,PUSH 74434911209623415752086755725426944520141552468512316257537400489365115333051 PUSH 1 MUL SWAP1 POP DUP2 DUP2 SSTORE POP POP,POP PUSH 74434911209623415752086755725426944520141552468512316257537400489365115333051 SSTORE,"PUSH(w_2, PUSH(1, MUL(SWAP1(POP(DUP2(DUP2(SSTORE(POP(POP(P)))))))))) ->  POP(PUSH(w_2, SSTORE(P)))"
PUSH w_5 MLOAD PUSH w_3 SWAP1 PUSH w_4 SWAP1,PUSH w_3 PUSH w_4 PUSH w_5 MLOAD,w_5 w_3 w_4,6,PUSH 64 MLOAD PUSH 12614144776802008176636744931026456469851337691203113218465368617421437641141 SWAP1 PUSH 0 SWAP1,PUSH 12614144776802008176636744931026456469851337691203113218465368617421437641141 PUSH 0 PUSH 64 MLOAD,"PUSH(w_5, MLOAD(PUSH(w_3, SWAP1(PUSH(w_4, SWAP1(P)))))) ->  PUSH(w_3, PUSH(w_4, PUSH(w_5, MLOAD(P))))"
DUP4 SWAP1 POP,POP DUP3,,3,DUP4 SWAP1 POP PUSH 7941,POP DUP3 PUSH 7941,DUP4(SWAP1(POP(P))) -> POP(DUP3(P))
DUP2 ADD SWAP3 SWAP1 SWAP3,DUP2 SWAP4 SWAP2 ADD,,3,DUP4 DUP2 ADD SWAP3 SWAP1 SWAP3,DUP4 DUP2 SWAP4 SWAP2 ADD,DUP2(ADD(SWAP3(SWAP1(SWAP3(P))))) -> DUP2(SWAP4(SWAP2(ADD(P))))
DUP3 DUP5 ADD SWAP2 SWAP1 SWAP2,SWAP1 DUP3 DUP5 ADD,,6,DUP3 DUP5 ADD SWAP2 SWAP1 SWAP2,SWAP1 DUP3 DUP5 ADD,DUP3(DUP5(ADD(SWAP2(SWAP1(SWAP2(P)))))) -> SWAP1(DUP3(DUP5(ADD(P))))
DUP3 DUP2 ADD SWAP2 SWAP1 SWAP2,SWAP1 DUP3 DUP3 ADD,,6,DUP3 DUP2 ADD SWAP2 SWAP1 SWAP2,SWAP1 DUP3 DUP3 ADD,DUP3(DUP2(ADD(SWAP2(SWAP1(SWAP2(P)))))) -> SWAP1(DUP3(DUP3(ADD(P))))
DUP2 SWAP3 POP POP POP SWAP1,SWAP1 SWAP3 SWAP2 GT POP,,1,DUP2 SWAP3 POP POP POP SWAP1,SWAP1 SWAP3 SWAP2 GT POP,DUP2(SWAP3(POP(POP(POP(SWAP1(P)))))) -> SWAP1(SWAP3(SWAP2(GT(POP(P)))))
DUP2 SWAP1 POP,POP DUP1,,3,DUP2 SWAP1 POP PUSH 8274,POP DUP1 PUSH 8274,DUP2(SWAP1(POP(P))) -> POP(DUP1(P))
DUP2 DUP2 ADD SWAP3 SWAP1 SWAP3,SWAP2 DUP2 DUP4 ADD,,6,DUP2 DUP2 ADD SWAP3 SWAP1 SWAP3,SWAP2 DUP2 DUP4 ADD,DUP2(DUP2(ADD(SWAP3(SWAP1(SWAP3(P)))))) -> SWAP2(DUP2(DUP4(ADD(P))))
DUP2 ADD SWAP2 SWAP1 SWAP2,DUP2 SWAP3 SWAP2 ADD,,3,DUP2 DUP2 ADD SWAP2 SWAP1 SWAP2,DUP2 DUP2 SWAP3 SWAP2 ADD,DUP2(ADD(SWAP2(SWAP1(SWAP2(P))))) -> DUP2(SWAP3(SWAP2(ADD(P))))
PUSH 0 ADD,,,6,DUP2 PUSH 0 ADD DUP2 DUP2,DUP2 DUP2 DUP2,"PUSH(0, ADD(P)) -> P"
DUP2 SLOAD PUSH w_1 SWAP1,PUSH w_1 DUP3 SLOAD,w_1,3,DUP2 SLOAD PUSH 0 SWAP1 DUP2,PUSH 0 DUP3 SLOAD DUP2,"DUP2(SLOAD(PUSH(w_1, SWAP1(P)))) -> PUSH(w_1, DUP3(SLOAD(P)))"
DUP1 SWAP3 SWAP2 SWAP1,SWAP2 SWAP1 DUP3,,3,DUP1 SWAP3 SWAP2 SWAP1 DUP2 DUP2,SWAP2 SWAP1 DUP3 DUP2 DUP2,DUP1(SWAP3(SWAP2(SWAP1(P)))) -> SWAP2(SWAP1(DUP3(P)))
DUP1 SWAP3 POP POP POP,SWAP2 ISZERO EQ POP,,1,DUP1 SWAP3 POP POP POP SWAP1,SWAP2 ISZERO EQ POP SWAP1,DUP1(SWAP3(POP(POP(POP(P))))) -> SWAP2(ISZERO(EQ(POP(P))))
DUP1 SWAP1 POP SWAP2 SWAP1 POP,SWAP1 POP SWAP1,,8,DUP1 SWAP1 POP SWAP2 SWAP1 POP,SWAP1 POP SWAP1,DUP1(SWAP1(POP(SWAP2(SWAP1(POP(P)))))) -> SWAP1(POP(SWAP1(P)))
DUP1 PUSH 0 ISZERO ISZERO DUP2,DUP1 PUSH 0 DUP3,,6,DUP1 PUSH 0 ISZERO ISZERO DUP2,DUP1 PUSH 0 DUP3,"DUP1(PUSH(0, ISZERO(ISZERO(DUP2(P))))) -> DUP1(PUSH(0, DUP3(P)))"
DUP1 SLOAD PUSH w_2 SWAP1 DUP2,PUSH w_2 DUP2 SLOAD PUSH w_2,w_2,3,DUP1 SLOAD PUSH 0 SWAP1 DUP2,PUSH 0 DUP2 SLOAD PUSH 0,"DUP1(SLOAD(PUSH(w_2, SWAP1(DUP2(P))))) ->  PUSH(w_2, DUP2(SLOAD(PUSH(w_2, P))))"
PUSH w_8 PUSH w_7 PUSH w_5 POP PUSH w_8 DUP5 PUSH w_6 AND DUP2,PUSH w_8 DUP3 PUSH w_6 AND DUP2 PUSH w_7 SWAP2 PUSH w_8,w_8 w_7 w_5 w_6,2,PUSH 0 PUSH 1 PUSH 0 POP PUSH 0 DUP5 PUSH 1461501637330902918203684832716283019655932542975 AND DUP2,PUSH 0 DUP3 PUSH 1461501637330902918203684832716283019655932542975 AND DUP2 PUSH 1 SWAP2 PUSH 0,"PUSH(w_8, PUSH(w_7, PUSH(w_5, POP(PUSH(w_8, DUP5(PUSH(w_6, AND(DUP2(P))))))))) ->  PUSH(w_8, DUP3(PUSH(w_6, AND(DUP2(PUSH(w_7, SWAP2(PUSH(w_8, P))))))))"
PUSH w_4 POP PUSH w_7 CALLER PUSH w_6 AND DUP2,PUSH w_7 PUSH w_6 CALLER AND PUSH w_7,w_4 w_7 w_6,5,PUSH 0 PUSH 0 POP PUSH 0 CALLER PUSH 1461501637330902918203684832716283019655932542975 AND DUP2,PUSH 0 PUSH 0 PUSH 1461501637330902918203684832716283019655932542975 CALLER AND PUSH 0,"PUSH(w_4, POP(PUSH(w_7, CALLER(PUSH(w_6, AND(DUP2(P))))))) ->  PUSH(w_7, PUSH(w_6, CALLER(AND(PUSH(w_7, P)))))"
SWAP1 SWAP2 AND PUSH w_4 SWAP1 DUP2,PUSH w_4 SWAP2 SWAP3 AND PUSH w_4,w_4,3,PUSH 1461501637330902918203684832716283019655932542975 SWAP2 SWAP1 SWAP2 AND PUSH 0 SWAP1 DUP2,PUSH 1461501637330902918203684832716283019655932542975 SWAP2 PUSH 0 SWAP2 SWAP3 AND PUSH 0,"SWAP1(SWAP2(AND(PUSH(w_4, SWAP1(DUP2(P)))))) ->  PUSH(w_4, SWAP2(SWAP3(AND(PUSH(w_4, P)))))"
PUSH 0 PUSH w_1 AND PUSH 0 DUP1 DUP4 DUP2,PUSH 0 DUP1 DUP2 DUP4 DUP4,w_1,6,PUSH 0 PUSH 1461501637330902918203684832716283019655932542975 AND PUSH 0 DUP1 DUP4 DUP2,PUSH 0 DUP1 DUP2 DUP4 DUP4,"PUSH(0, PUSH(w_1, AND(PUSH(0, DUP1(DUP4(DUP2(P))))))) ->  PUSH(0, DUP1(DUP2(DUP4(DUP4(P)))))"
PUSH w_0 CALLER SWAP1 POP,CALLER,w_0,8,PUSH 0 CALLER SWAP1 POP SWAP1,CALLER SWAP1,"PUSH(w_0, CALLER(SWAP1(POP(P)))) -> CALLER(P)"
PUSH 0 DUP5 LT ISZERO,PUSH 1,,9,POP PUSH 0 DUP5 LT ISZERO,POP PUSH 1,"PUSH(0, DUP5(LT(ISZERO(P)))) -> PUSH(1, P)"
POP PUSH w_1 DUP2 SWAP1 SSTORE,DUP2 PUSH w_1 SSTORE POP,w_1,3,POP PUSH 0 DUP2 SWAP1 SSTORE,DUP2 PUSH 0 SSTORE POP,"POP(PUSH(w_1, DUP2(SWAP1(SSTORE(P))))) -> DUP2(PUSH(w_1, SSTORE(POP(P))))"
PUSH 0 DUP2 LT ISZERO,PUSH 1,,9,POP PUSH 0 DUP2 LT ISZERO,POP PUSH 1,"PUSH(0, DUP2(LT(ISZERO(P)))) -> PUSH(1, P)"
CALLVALUE DUP2 DUP4 ADD DUP2 SWAP1,CALLVALUE CALLVALUE DUP4 DUP4 ADD,,4,CALLVALUE DUP2 DUP4 ADD DUP2 SWAP1,CALLVALUE CALLVALUE DUP4 DUP4 ADD,"CALLVALUE(DUP2(DUP4(ADD(DUP2(SWAP1(P)))))) ->  CALLVALUE(CALLVALUE(DUP4(DUP4(ADD(P)))))"
DUP1 PUSH w_1 DUP1 PUSH w_2 PUSH w_8 SWAP4 POP PUSH w_9 SWAP3 POP PUSH w_6 SWAP2 POP PUSH w_6 SWAP1 POP,PUSH w_8 PUSH w_9 PUSH w_6 DUP1,w_1 w_2 w_8 w_9 w_6,32,PUSH 0 DUP1 PUSH 0 DUP1 PUSH 0 PUSH 21 SWAP4 POP PUSH 0 SWAP3 POP PUSH 0 SWAP2 POP PUSH 0 SWAP1 POP,PUSH 0 PUSH 21 PUSH 0 PUSH 0 DUP1,"DUP1(PUSH(w_1, DUP1(PUSH(w_2, PUSH(w_8, SWAP4(POP(PUSH(w_9, SWAP3(POP(PUSH(w_6, SWAP2(POP(PUSH(w_6, SWAP1(POP(P)))))))))))))))) ->  PUSH(w_8, PUSH(w_9, PUSH(w_6, DUP1(P))))"
PUSH w_7 PUSH w_1 PUSH w_5 DUP1 PUSH w_6 DUP7 SWAP4 POP PUSH w_7 SWAP3 POP PUSH w_7 SWAP2 POP PUSH w_7 SWAP1 POP,PUSH w_7 DUP3 DUP2 DUP3 DUP2,w_7 w_1 w_5 w_6,32,PUSH 0 PUSH 96 PUSH 0 DUP1 PUSH 0 DUP7 SWAP4 POP PUSH 0 SWAP3 POP PUSH 0 SWAP2 POP PUSH 0 SWAP1 POP,PUSH 0 DUP3 DUP2 DUP3 DUP2,"PUSH(w_7, PUSH(w_1, PUSH(w_5, DUP1(PUSH(w_6, DUP7(SWAP4(POP(PUSH(w_7, SWAP3(POP(PUSH(w_7, SWAP2(POP(PUSH(w_7, SWAP1(POP(P))))))))))))))))) ->  PUSH(w_7, DUP3(DUP2(DUP3(DUP2(P)))))"
SWAP2 SWAP3 POP DUP3 SWAP2,DUP3 SWAP4 POP,,6,SWAP2 SWAP3 POP DUP3 SWAP2,DUP3 SWAP4 POP,SWAP2(SWAP3(POP(DUP3(SWAP2(P))))) -> DUP3(SWAP4(POP(P)))
POP DUP2 SWAP1 POP,XOR POP DUP1,,2,SWAP2 POP DUP2 SWAP1 POP,SWAP2 XOR POP DUP1,POP(DUP2(SWAP1(POP(P)))) -> XOR(POP(DUP1(P)))
SWAP1 SWAP2 POP DUP2 SWAP1,DUP2 SWAP3 POP,,6,SWAP1 SWAP2 POP DUP2 SWAP1,DUP2 SWAP3 POP,SWAP1(SWAP2(POP(DUP2(SWAP1(P))))) -> DUP2(SWAP3(POP(P)))
SWAP1 POP SWAP2 SWAP1 POP,SWAP3 SWAP2 POP POP,,3,SWAP1 POP SWAP2 SWAP1 POP,SWAP3 SWAP2 POP POP,SWAP1(POP(SWAP2(SWAP1(POP(P))))) -> SWAP3(SWAP2(POP(POP(P))))
DUP4 DUP3 SWAP1,DUP2 DUP5,,3,DUP4 DUP3 SWAP1 PUSH 0,DUP2 DUP5 PUSH 0,DUP4(DUP3(SWAP1(P))) -> DUP2(DUP5(P))
DUP2 SWAP1 POP POP,POP,,8,DUP2 SWAP1 POP POP POP,POP POP,DUP2(SWAP1(POP(POP(P)))) -> POP(P)
PUSH 1 ISZERO ISZERO PUSH w_6 PUSH w_9 DUP4 PUSH w_8 AND PUSH w_8 AND DUP2,PUSH 1 PUSH w_6 PUSH w_9 PUSH w_8 DUP5 AND PUSH w_9,w_6 w_9 w_8,12,PUSH 1 ISZERO ISZERO PUSH 6 PUSH 0 DUP4 PUSH 4294967295 AND PUSH 4294967295 AND DUP2,PUSH 1 PUSH 6 PUSH 0 PUSH 4294967295 DUP5 AND PUSH 0,"PUSH(1, ISZERO(ISZERO(PUSH(w_6, PUSH(w_9, DUP4(PUSH(w_8, AND(PUSH(w_8, AND(DUP2(P))))))))))) ->  PUSH(1, PUSH(w_6, PUSH(w_9, PUSH(w_8, DUP5(AND(PUSH(w_9, P)))))))"
DUP1 PUSH w_1 SSTORE POP,PUSH w_1 SSTORE,w_1,5,DUP1 PUSH 1 SSTORE POP,PUSH 1 SSTORE,"DUP1(PUSH(w_1, SSTORE(POP(P)))) -> PUSH(w_1, SSTORE(P))"
PUSH w_3 DUP1 PUSH w_4 DUP1 DUP7 SWAP4 POP PUSH w_5 SWAP3 POP PUSH w_6 SWAP2 POP PUSH w_6 SWAP1 POP,DUP3 PUSH w_5 PUSH w_6 DUP1,w_3 w_4 w_5 w_6,32,PUSH 0 DUP1 PUSH 0 DUP1 DUP7 SWAP4 POP PUSH 0 SWAP3 POP PUSH 0 SWAP2 POP PUSH 0 SWAP1 POP,DUP3 PUSH 0 PUSH 0 DUP1,"PUSH(w_3, DUP1(PUSH(w_4, DUP1(DUP7(SWAP4(POP(PUSH(w_5, SWAP3(POP(PUSH(w_6, SWAP2(POP(PUSH(w_6, SWAP1(POP(P)))))))))))))))) ->  DUP3(PUSH(w_5, PUSH(w_6, DUP1(P))))"
PUSH w_3 DUP1 PUSH w_4 DUP1 DUP5 SWAP4 POP PUSH w_5 SWAP3 POP PUSH w_6 SWAP2 POP PUSH w_5 SWAP1 POP,DUP1 PUSH w_5 PUSH w_6 DUP2,w_3 w_4 w_5 w_6,32,PUSH 0 DUP1 PUSH 0 DUP1 DUP5 SWAP4 POP PUSH 0 SWAP3 POP PUSH 0 SWAP2 POP PUSH 0 SWAP1 POP,DUP1 PUSH 0 PUSH 0 DUP2,"PUSH(w_3, DUP1(PUSH(w_4, DUP1(DUP5(SWAP4(POP(PUSH(w_5, SWAP3(POP(PUSH(w_6, SWAP2(POP(PUSH(w_5, SWAP1(POP(P)))))))))))))))) ->  DUP1(PUSH(w_5, PUSH(w_6, DUP2(P))))"
PUSH w_1 PUSH w_8 DUP1 PUSH w_8 DUP1 DUP7 SWAP5 POP PUSH w_7 SWAP4 POP PUSH w_9 SWAP1 POP,DUP2 PUSH w_7 PUSH w_8 DUP1 PUSH w_9,w_1 w_8 w_7 w_9,24,PUSH 0 PUSH 96 PUSH 0 DUP1 PUSH 0 DUP1 DUP7 SWAP5 POP PUSH 0 SWAP4 POP PUSH 2 SWAP1 POP,PUSH 0 DUP2 PUSH 0 PUSH 0 DUP1 PUSH 2,"PUSH(w_1, PUSH(w_8, DUP1(PUSH(w_8, DUP1(DUP7(SWAP5(POP(PUSH(w_7, SWAP4(POP(PUSH(w_9, SWAP1(POP(P)))))))))))))) ->  DUP2(PUSH(w_7, PUSH(w_8, DUP1(PUSH(w_9, P)))))"
PUSH w_1 SWAP3 SWAP1 SWAP3,SWAP2 PUSH w_1,w_1,6,PUSH 32 SWAP3 SWAP1 SWAP3,SWAP2 PUSH 32,"PUSH(w_1, SWAP3(SWAP1(SWAP3(P)))) -> SWAP2(PUSH(w_1, P))"
DUP2 ADD SWAP1 DUP1 DUP1 CALLDATALOAD SWAP1 PUSH w_0 ADD SWAP1 SWAP3 SWAP2 SWAP1 POP POP POP,POP CALLDATALOAD,w_0,40,DUP2 ADD SWAP1 DUP1 DUP1 CALLDATALOAD SWAP1 PUSH 32 ADD SWAP1 SWAP3 SWAP2 SWAP1 POP POP POP PUSH 6360,POP CALLDATALOAD PUSH 6360,"DUP2(ADD(SWAP1(DUP1(DUP1(CALLDATALOAD(SWAP1(PUSH(w_0, ADD(SWAP1(SWAP3(SWAP2(SWAP1(POP(POP(POP(P)))))))))))))))) ->  POP(CALLDATALOAD(P))"
DUP1 PUSH w_9 PUSH w_8 SWAP2 POP PUSH w_3 PUSH w_4 PUSH w_5 DUP5 PUSH w_6,PUSH w_8 PUSH w_9 PUSH w_3 PUSH w_4 PUSH w_5 PUSH w_6 PUSH w_8 SWAP1,w_9 w_8 w_3 w_4 w_5 w_6,5,PUSH 0 DUP1 PUSH 0 PUSH 31 SWAP2 POP PUSH 21713 PUSH 1 PUSH 10 DUP5 PUSH 7543,PUSH 0 PUSH 31 PUSH 0 PUSH 21713 PUSH 1 PUSH 10 PUSH 7543 PUSH 31 SWAP1,"DUP1(PUSH(w_9, PUSH(w_8, SWAP2(POP(PUSH(w_3, PUSH(w_4, PUSH(w_5, DUP5(PUSH(w_6, P)))))))))) ->  PUSH(w_8, PUSH(w_9, PUSH(w_3, PUSH(w_4, PUSH(w_5, PUSH(w_6, PUSH(w_8, SWAP1(P))))))))"
PUSH 0 PUSH 13 DUP2 LT ISZERO ISZERO,PUSH 0 PUSH 1,,12,PUSH 19116 PUSH 1000 PUSH 43 PUSH 0 PUSH 13 DUP2 LT ISZERO ISZERO PUSH 19078,PUSH 19116 PUSH 1000 PUSH 43 PUSH 0 PUSH 1 PUSH 19078,"PUSH(0, PUSH(13, DUP2(LT(ISZERO(ISZERO(P)))))) -> PUSH(0, PUSH(1, P))"
PUSH 1 PUSH w_9 PUSH w_3 PUSH 2 PUSH 3 DUP2 GT ISZERO,PUSH 1 PUSH w_9 PUSH w_3 PUSH 2 DUP4,w_9 w_3,9,PUSH 18504 PUSH 1 PUSH 20 PUSH 0 PUSH 2 PUSH 3 DUP2 GT ISZERO PUSH 18463,PUSH 18504 PUSH 1 PUSH 20 PUSH 0 PUSH 2 DUP4 PUSH 18463,"PUSH(1, PUSH(w_9, PUSH(w_3, PUSH(2, PUSH(3, DUP2(GT(ISZERO(P)))))))) ->  PUSH(1, PUSH(w_9, PUSH(w_3, PUSH(2, DUP4(P)))))"
PUSH 0 PUSH 12 DUP2 LT ISZERO ISZERO,PUSH 0 PUSH 1,,12,PUSH 17661 PUSH 1000 PUSH 31 PUSH 0 PUSH 12 DUP2 LT ISZERO ISZERO PUSH 17642,PUSH 17661 PUSH 1000 PUSH 31 PUSH 0 PUSH 1 PUSH 17642,"PUSH(0, PUSH(12, DUP2(LT(ISZERO(ISZERO(P)))))) -> PUSH(0, PUSH(1, P))"
PUSH 2 PUSH 12 DUP2 LT ISZERO ISZERO,PUSH 2 PUSH 1,,12,PUSH 17601 PUSH 1000 PUSH 31 PUSH 2 PUSH 12 DUP2 LT ISZERO ISZERO PUSH 17582,PUSH 17601 PUSH 1000 PUSH 31 PUSH 2 PUSH 1 PUSH 17582,"PUSH(2, PUSH(12, DUP2(LT(ISZERO(ISZERO(P)))))) -> PUSH(2, PUSH(1, P))"
PUSH 1 PUSH w_9 PUSH w_3 PUSH 1 PUSH 3 DUP2 GT ISZERO,PUSH 1 PUSH w_9 PUSH w_3 PUSH 1 DUP4,w_9 w_3,9,PUSH 11851 PUSH 1 PUSH 20 PUSH 0 PUSH 1 PUSH 3 DUP2 GT ISZERO PUSH 11810,PUSH 11851 PUSH 1 PUSH 20 PUSH 0 PUSH 1 DUP4 PUSH 11810,"PUSH(1, PUSH(w_9, PUSH(w_3, PUSH(1, PUSH(3, DUP2(GT(ISZERO(P)))))))) ->  PUSH(1, PUSH(w_9, PUSH(w_3, PUSH(1, DUP4(P)))))"
PUSH 0 CALLVALUE EQ,CALLVALUE ISZERO,,3,POP PUSH 0 CALLVALUE EQ,POP CALLVALUE ISZERO,"PUSH(0, CALLVALUE(EQ(P))) -> CALLVALUE(ISZERO(P))"
NUMBER PUSH w_2 SWAP1 DUP2,PUSH w_2 NUMBER PUSH w_2,w_2,3,NUMBER PUSH 0 SWAP1 DUP2,PUSH 0 NUMBER PUSH 0,"NUMBER(PUSH(w_2, SWAP1(DUP2(P)))) -> PUSH(w_2, NUMBER(PUSH(w_2, P)))"
RETURNDATASIZE DUP1,RETURNDATASIZE RETURNDATASIZE,,1,RETURNDATASIZE DUP1 PUSH 0 DUP5,RETURNDATASIZE RETURNDATASIZE PUSH 0 DUP5,RETURNDATASIZE(DUP1(P)) -> RETURNDATASIZE(RETURNDATASIZE(P))
DUP2 ADD SWAP1 DUP1 DUP1 MLOAD SWAP1 PUSH w_0 ADD SWAP1 SWAP3 SWAP2 SWAP1 POP POP POP POP,POP POP,w_0,42,DUP2 ADD SWAP1 DUP1 DUP1 MLOAD SWAP1 PUSH 32 ADD SWAP1 SWAP3 SWAP2 SWAP1 POP POP POP POP,POP POP,"DUP2(ADD(SWAP1(DUP1(DUP1(MLOAD(SWAP1(PUSH(w_0, ADD(SWAP1(SWAP3(SWAP2(SWAP1(POP(POP(POP(POP(P))))))))))))))))) ->  POP(POP(P))"
PUSH 1 PUSH w_8 PUSH 0 DUP1 PUSH w_4 DUP2 GT ISZERO,PUSH 1 PUSH w_8 PUSH 0 DUP1 DUP4,w_8 w_4,9,PUSH 13293 PUSH 1 PUSH 20 PUSH 0 DUP1 PUSH 3 DUP2 GT ISZERO PUSH 13252,PUSH 13293 PUSH 1 PUSH 20 PUSH 0 DUP1 DUP4 PUSH 13252,"PUSH(1, PUSH(w_8, PUSH(0, DUP1(PUSH(w_4, DUP2(GT(ISZERO(P)))))))) ->  PUSH(1, PUSH(w_8, PUSH(0, DUP1(DUP4(P)))))"
DUP4 SLOAD SWAP4 POP,SWAP3 SLOAD SWAP3,,2,DUP4 SLOAD SWAP4 POP,SWAP3 SLOAD SWAP3,DUP4(SLOAD(SWAP4(POP(P)))) -> SWAP3(SLOAD(SWAP3(P)))
DUP2 SLOAD SWAP2 POP,SWAP1 SLOAD SWAP1,,2,DUP2 SLOAD SWAP2 POP,SWAP1 SLOAD SWAP1,DUP2(SLOAD(SWAP2(POP(P)))) -> SWAP1(SLOAD(SWAP1(P)))
DUP1 DUP1 CALLDATALOAD SWAP1 PUSH w_2 ADD SWAP1 SWAP2 SWAP1 POP POP,CALLDATALOAD,w_2,28,PUSH 90 PUSH 4 DUP1 DUP1 CALLDATALOAD SWAP1 PUSH 32 ADD SWAP1 SWAP2 SWAP1 POP POP PUSH 116,PUSH 90 PUSH 4 CALLDATALOAD PUSH 116,"DUP1(DUP1(CALLDATALOAD(SWAP1(PUSH(w_2, ADD(SWAP1(SWAP2(SWAP1(POP(POP(P))))))))))) ->  CALLDATALOAD(P)"
DUP2 ADD SWAP1 POP,ADD,,8,DUP2 ADD SWAP1 POP,ADD,DUP2(ADD(SWAP1(POP(P)))) -> ADD(P)
PUSH w_4 DUP1 CALLVALUE SWAP2 POP PUSH 0 SWAP1 POP PUSH 0 DUP3 EQ ISZERO,PUSH 0 CALLVALUE SWAP1 DUP1 CALLVALUE GT,w_4,17,PUSH 0 DUP1 CALLVALUE SWAP2 POP PUSH 0 SWAP1 POP PUSH 0 DUP3 EQ ISZERO PUSH 407,PUSH 0 CALLVALUE SWAP1 DUP1 CALLVALUE GT PUSH 407,"PUSH(w_4, DUP1(CALLVALUE(SWAP2(POP(PUSH(0, SWAP1(POP(PUSH(0, DUP3(EQ(ISZERO(P)))))))))))) ->  PUSH(0, CALLVALUE(SWAP1(DUP1(CALLVALUE(GT(P))))))"
PUSH w_7 PUSH w_7 PUSH w_2 POP PUSH w_8 PUSH w_9 PUSH w_5 POP PUSH w_7 DUP7 DUP2,PUSH w_7 DUP1 PUSH w_8 PUSH w_9 DUP3 DUP7 PUSH w_7,w_7 w_2 w_8 w_9 w_5,10,PUSH 0 PUSH 0 PUSH 0 POP PUSH 0 PUSH 1 PUSH 0 POP PUSH 0 DUP7 DUP2,PUSH 0 DUP1 PUSH 0 PUSH 1 DUP3 DUP7 PUSH 0,"PUSH(w_7, PUSH(w_7, PUSH(w_2, POP(PUSH(w_8, PUSH(w_9, PUSH(w_5, POP(PUSH(w_7, DUP7(DUP2(P))))))))))) ->  PUSH(w_7, DUP1(PUSH(w_8, PUSH(w_9, DUP3(DUP7(PUSH(w_7, P)))))))"
DUP2 PUSH w_8 PUSH w_5 POP PUSH w_8 PUSH w_7 PUSH w_6 POP PUSH w_8 DUP7 DUP2,DUP2 PUSH w_8 DUP1 PUSH w_7 DUP2 DUP5 PUSH w_8,w_8 w_5 w_7 w_6,10,DUP2 PUSH 0 PUSH 0 POP PUSH 0 PUSH 1 PUSH 0 POP PUSH 0 DUP7 DUP2,DUP2 PUSH 0 DUP1 PUSH 1 DUP2 DUP5 PUSH 0,"DUP2(PUSH(w_8, PUSH(w_5, POP(PUSH(w_8, PUSH(w_7, PUSH(w_6, POP(PUSH(w_8, DUP7(DUP2(P))))))))))) ->  DUP2(PUSH(w_8, DUP1(PUSH(w_7, DUP2(DUP5(PUSH(w_8, P)))))))"
DUP2 ADD SWAP1 DUP1 DUP1 MLOAD SWAP1 PUSH w_0 ADD SWAP1 SWAP3 SWAP2 SWAP1 POP POP POP,POP MLOAD,w_0,40,DUP2 ADD SWAP1 DUP1 DUP1 MLOAD SWAP1 PUSH 32 ADD SWAP1 SWAP3 SWAP2 SWAP1 POP POP POP,POP MLOAD,"DUP2(ADD(SWAP1(DUP1(DUP1(MLOAD(SWAP1(PUSH(w_0, ADD(SWAP1(SWAP3(SWAP2(SWAP1(POP(POP(POP(P)))))))))))))))) ->  POP(MLOAD(P))"
PUSH w_6 PUSH w_7 PUSH w_8 PUSH w_9 DUP4 PUSH w_6 DUP2 GT ISZERO,PUSH w_6 PUSH w_7 PUSH w_8 PUSH w_9 PUSH w_6 PUSH 1,w_6 w_7 w_8 w_9,9,PUSH 3 PUSH 0 PUSH 20 PUSH 0 DUP4 PUSH 3 DUP2 GT ISZERO PUSH 7735,PUSH 3 PUSH 0 PUSH 20 PUSH 0 PUSH 3 PUSH 1 PUSH 7735,"PUSH(w_6, PUSH(w_7, PUSH(w_8, PUSH(w_9, DUP4(PUSH(w_6, DUP2(GT(ISZERO(P))))))))) ->  PUSH(w_6, PUSH(w_7, PUSH(w_8, PUSH(w_9, PUSH(w_6, PUSH(1, P))))))"
PUSH 2 PUSH w_7 PUSH w_8 PUSH w_9 DUP4 PUSH 3 DUP2 GT ISZERO,PUSH 2 PUSH w_7 PUSH w_8 PUSH w_9 DUP4 PUSH 1,w_7 w_8 w_9,9,PUSH 2 PUSH 0 PUSH 20 PUSH 0 DUP4 PUSH 3 DUP2 GT ISZERO PUSH 18379,PUSH 2 PUSH 0 PUSH 20 PUSH 0 DUP4 PUSH 1 PUSH 18379,"PUSH(2, PUSH(w_7, PUSH(w_8, PUSH(w_9, DUP4(PUSH(3, DUP2(GT(ISZERO(P))))))))) ->  PUSH(2, PUSH(w_7, PUSH(w_8, PUSH(w_9, DUP4(PUSH(1, P))))))"
PUSH 1 PUSH w_7 PUSH w_8 PUSH w_9 DUP4 PUSH 3 DUP2 GT ISZERO,PUSH 1 PUSH w_7 PUSH w_8 PUSH w_9 DUP4 PUSH 1,w_7 w_8 w_9,9,PUSH 1 PUSH 0 PUSH 20 PUSH 0 DUP4 PUSH 3 DUP2 GT ISZERO PUSH 11726,PUSH 1 PUSH 0 PUSH 20 PUSH 0 DUP4 PUSH 1 PUSH 11726,"PUSH(1, PUSH(w_7, PUSH(w_8, PUSH(w_9, DUP4(PUSH(3, DUP2(GT(ISZERO(P))))))))) ->  PUSH(1, PUSH(w_7, PUSH(w_8, PUSH(w_9, DUP4(PUSH(1, P))))))"
PUSH w_0 DUP1 DUP3 EXTCODESIZE SWAP1 POP PUSH 0 DUP2 EQ SWAP2 POP POP SWAP2 SWAP1 POP,EXTCODESIZE ISZERO SWAP1,w_0,32,PUSH 0 DUP1 DUP3 EXTCODESIZE SWAP1 POP PUSH 0 DUP2 EQ SWAP2 POP POP SWAP2 SWAP1 POP,EXTCODESIZE ISZERO SWAP1,"PUSH(w_0, DUP1(DUP3(EXTCODESIZE(SWAP1(POP(PUSH(0, DUP2(EQ(SWAP2(POP(POP(SWAP2(SWAP1(POP(P))))))))))))))) ->  EXTCODESIZE(ISZERO(SWAP1(P)))"
PUSH 0 DUP1 DUP1 PUSH w_1 DUP5 AND DUP2 SWAP1 LT DUP1 ISZERO SWAP1,PUSH 0 PUSH 0 PUSH 0 PUSH 1 DUP4,w_1,21,PUSH 0 DUP1 DUP1 PUSH 255 DUP5 AND DUP2 SWAP1 LT DUP1 ISZERO SWAP1 PUSH 9914,PUSH 0 PUSH 0 PUSH 0 PUSH 1 DUP4 PUSH 9914,"PUSH(0, DUP1(DUP1(PUSH(w_1, DUP5(AND(DUP2(SWAP1(LT(DUP1(ISZERO(SWAP1(P)))))))))))) ->  PUSH(0, PUSH(0, PUSH(0, PUSH(1, DUP4(P)))))"
DUP1 PUSH w_6 SWAP1 POP PUSH 1 PUSH 6 DUP2 GT ISZERO,PUSH w_6 PUSH 1 PUSH 1,w_6,17,PUSH 0 DUP1 PUSH 0 SWAP1 POP PUSH 1 PUSH 6 DUP2 GT ISZERO PUSH 4153,PUSH 0 PUSH 0 PUSH 1 PUSH 1 PUSH 4153,"DUP1(PUSH(w_6, SWAP1(POP(PUSH(1, PUSH(6, DUP2(GT(ISZERO(P))))))))) ->  PUSH(w_6, PUSH(1, PUSH(1, P)))"
PUSH w_7 DUP1 PUSH w_7 DUP1 PUSH w_6 SWAP3 POP,PUSH w_7 PUSH w_6 PUSH w_7 DUP3,w_7 w_6,8,PUSH 0 DUP1 PUSH 0 DUP1 PUSH 0 SWAP3 POP PUSH 10045 DUP6 PUSH 16221,PUSH 0 PUSH 0 PUSH 0 DUP3 PUSH 10045 DUP6 PUSH 16221,"PUSH(w_7, DUP1(PUSH(w_7, DUP1(PUSH(w_6, SWAP3(POP(P))))))) ->  PUSH(w_7, PUSH(w_6, PUSH(w_7, DUP3(P))))"
DUP1 PUSH w_8 DUP1 PUSH w_9 DUP1 SWAP4 POP,PUSH w_9 PUSH w_8 PUSH w_8 PUSH w_9,w_8 w_9,8,PUSH 0 DUP1 PUSH 0 DUP1 PUSH 0 DUP1 SWAP4 POP PUSH 7821 PUSH 12108,PUSH 0 PUSH 0 PUSH 0 PUSH 0 PUSH 0 PUSH 7821 PUSH 12108,"DUP1(PUSH(w_8, DUP1(PUSH(w_9, DUP1(SWAP4(POP(P))))))) ->  PUSH(w_9, PUSH(w_8, PUSH(w_8, PUSH(w_9, P))))"
PUSH w_5 DUP1 PUSH w_6 DUP1 PUSH w_6 DUP1 PUSH w_5 SWAP5 POP PUSH w_6 SWAP4 POP,PUSH w_5 DUP1 PUSH w_6 DUP1 DUP1 DUP3,w_5 w_6,16,PUSH 0 DUP1 PUSH 0 DUP1 PUSH 0 DUP1 PUSH 0 SWAP5 POP PUSH 0 SWAP4 POP,PUSH 0 DUP1 PUSH 0 DUP1 DUP1 DUP3,"PUSH(w_5, DUP1(PUSH(w_6, DUP1(PUSH(w_6, DUP1(PUSH(w_5, SWAP5(POP(PUSH(w_6, SWAP4(POP(P)))))))))))) ->  PUSH(w_5, DUP1(PUSH(w_6, DUP1(DUP1(DUP3(P))))))"
PUSH w_2 PUSH w_3 PUSH w_4 DUP5 SWAP3 POP PUSH w_5 SWAP2 POP PUSH w_5 SWAP1 POP,DUP2 PUSH w_5 DUP1,w_2 w_3 w_4 w_5,24,PUSH 0 PUSH 0 PUSH 0 DUP5 SWAP3 POP PUSH 0 SWAP2 POP PUSH 0 SWAP1 POP,DUP2 PUSH 0 DUP1,"PUSH(w_2, PUSH(w_3, PUSH(w_4, DUP5(SWAP3(POP(PUSH(w_5, SWAP2(POP(PUSH(w_5, SWAP1(POP(P)))))))))))) ->  DUP2(PUSH(w_5, DUP1(P)))"
PUSH 0 ISZERO ISZERO PUSH 0 DUP1 DUP4 PUSH 0 NOT AND PUSH 0 NOT AND DUP2,PUSH 0 PUSH 0 PUSH 0 DUP4 DUP4,,24,PUSH 0 ISZERO ISZERO PUSH 0 DUP1 DUP4 PUSH 0 NOT AND PUSH 0 NOT AND DUP2,PUSH 0 PUSH 0 PUSH 0 DUP4 DUP4,"PUSH(0, ISZERO(ISZERO(PUSH(0, DUP1(DUP4(PUSH(0, NOT(AND(PUSH(0, NOT(AND(DUP2(P))))))))))))) ->  PUSH(0, PUSH(0, PUSH(0, DUP4(DUP4(P)))))"
POP PUSH w_5 PUSH w_6 PUSH w_8 DUP4 PUSH 0 NOT AND PUSH 0 NOT AND DUP2,NOT POP PUSH w_5 PUSH w_6 PUSH w_8 DUP4 PUSH w_8,w_5 w_6 w_8,15,POP PUSH 1 PUSH 5 PUSH 0 DUP4 PUSH 0 NOT AND PUSH 0 NOT AND DUP2,NOT POP PUSH 1 PUSH 5 PUSH 0 DUP4 PUSH 0,"POP(PUSH(w_5, PUSH(w_6, PUSH(w_8, DUP4(PUSH(0, NOT(AND(PUSH(0, NOT(AND(DUP2(P)))))))))))) ->  NOT(POP(PUSH(w_5, PUSH(w_6, PUSH(w_8, DUP4(PUSH(w_8, P)))))))"
PUSH 1 PUSH 4 DUP2 LT ISZERO ISZERO,PUSH 1 PUSH 1,,12,PUSH 12757 PUSH 24 PUSH 1 PUSH 4 DUP2 LT ISZERO ISZERO PUSH 12701,PUSH 12757 PUSH 24 PUSH 1 PUSH 1 PUSH 12701,"PUSH(1, PUSH(4, DUP2(LT(ISZERO(ISZERO(P)))))) -> PUSH(1, PUSH(1, P))"
PUSH 0 PUSH 4 DUP2 LT ISZERO ISZERO,PUSH 0 PUSH 1,,12,PUSH 12682 PUSH 24 PUSH 0 PUSH 4 DUP2 LT ISZERO ISZERO PUSH 12626,PUSH 12682 PUSH 24 PUSH 0 PUSH 1 PUSH 12626,"PUSH(0, PUSH(4, DUP2(LT(ISZERO(ISZERO(P)))))) -> PUSH(0, PUSH(1, P))"
PUSH w_0 DUP2 PUSH w_3 DUP2 SWAP1 SSTORE POP PUSH w_4 SWAP1 POP SWAP2 SWAP1 POP,PUSH w_3 PUSH w_4 SWAP3 SWAP2 SWAP1 SSTORE,w_0 w_3 w_4,18,PUSH 0 DUP2 PUSH 4 DUP2 SWAP1 SSTORE POP PUSH 1 SWAP1 POP SWAP2 SWAP1 POP,PUSH 4 PUSH 1 SWAP3 SWAP2 SWAP1 SSTORE,"PUSH(w_0, DUP2(PUSH(w_3, DUP2(SWAP1(SSTORE(POP(PUSH(w_4, SWAP1(POP(SWAP2(SWAP1(POP(P))))))))))))) ->  PUSH(w_3, PUSH(w_4, SWAP3(SWAP2(SWAP1(SSTORE(P))))))"
PUSH w_0 DUP1 PUSH w_2 SWAP1 POP DUP1 SLOAD SWAP2 POP POP,PUSH w_2 SLOAD,w_0 w_2,21,PUSH 0 DUP1 PUSH 3735928559 SWAP1 POP DUP1 SLOAD SWAP2 POP POP SWAP1,PUSH 3735928559 SLOAD SWAP1,"PUSH(w_0, DUP1(PUSH(w_2, SWAP1(POP(DUP1(SLOAD(SWAP2(POP(POP(P)))))))))) ->  PUSH(w_2, SLOAD(P))"
PUSH 0 DUP1 PUSH w_7 PUSH 0 DUP4 PUSH w_3 DUP2 GT ISZERO,PUSH 0 PUSH 0 PUSH w_7 PUSH 0 DUP1 PUSH 1,w_7 w_3,9,PUSH 0 DUP1 PUSH 20 PUSH 0 DUP4 PUSH 3 DUP2 GT ISZERO PUSH 13169,PUSH 0 PUSH 0 PUSH 20 PUSH 0 DUP1 PUSH 1 PUSH 13169,"PUSH(0, DUP1(PUSH(w_7, PUSH(0, DUP4(PUSH(w_3, DUP2(GT(ISZERO(P))))))))) ->  PUSH(0, PUSH(0, PUSH(w_7, PUSH(0, DUP1(PUSH(1, P))))))"
PUSH w_3 DUP1 PUSH w_4 DUP1 SWAP3 POP PUSH w_4 SWAP2 POP PUSH w_5 SWAP1 POP,PUSH w_4 DUP1 PUSH w_5,w_3 w_4 w_5,24,PUSH 0 DUP1 PUSH 0 DUP1 SWAP3 POP PUSH 0 SWAP2 POP PUSH 0 SWAP1 POP,PUSH 0 DUP1 PUSH 0,"PUSH(w_3, DUP1(PUSH(w_4, DUP1(SWAP3(POP(PUSH(w_4, SWAP2(POP(PUSH(w_5, SWAP1(POP(P)))))))))))) ->  PUSH(w_4, DUP1(PUSH(w_5, P)))"
PUSH w_6 DUP1 PUSH w_6 DUP1 PUSH 1 PUSH 2 DUP2 GT ISZERO,PUSH w_6 PUSH w_6 DUP2 DUP1 PUSH 1 PUSH 1,w_6,9,PUSH 0 DUP1 PUSH 0 DUP1 PUSH 1 PUSH 2 DUP2 GT ISZERO PUSH 1564,PUSH 0 PUSH 0 DUP2 DUP1 PUSH 1 PUSH 1 PUSH 1564,"PUSH(w_6, DUP1(PUSH(w_6, DUP1(PUSH(1, PUSH(2, DUP2(GT(ISZERO(P))))))))) ->  PUSH(w_6, PUSH(w_6, DUP2(DUP1(PUSH(1, PUSH(1, P))))))"
DUP1 PUSH w_7 DUP1 PUSH w_6 SWAP3 POP,PUSH w_6 PUSH w_7 DUP1,w_7 w_6,8,PUSH 0 DUP1 PUSH 0 DUP1 PUSH 0 SWAP3 POP PUSH 8421 PUSH 12108,PUSH 0 PUSH 0 PUSH 0 DUP1 PUSH 8421 PUSH 12108,"DUP1(PUSH(w_7, DUP1(PUSH(w_6, SWAP3(POP(P)))))) ->  PUSH(w_6, PUSH(w_7, DUP1(P)))"
PUSH w_3 DUP1 PUSH w_5 DUP1 PUSH w_4 DUP6 MLOAD SWAP5 POP PUSH w_4 SWAP4 POP,DUP1 MLOAD PUSH w_4 PUSH w_5 DUP1 DUP3,w_3 w_5 w_4,16,PUSH 0 DUP1 PUSH 0 DUP1 PUSH 0 DUP6 MLOAD SWAP5 POP PUSH 0 SWAP4 POP,DUP1 MLOAD PUSH 0 PUSH 0 DUP1 DUP3,"PUSH(w_3, DUP1(PUSH(w_5, DUP1(PUSH(w_4, DUP6(MLOAD(SWAP5(POP(PUSH(w_4, SWAP4(POP(P)))))))))))) ->  DUP1(MLOAD(PUSH(w_4, PUSH(w_5, DUP1(DUP3(P))))))"
PUSH 1 PUSH 2 SUB PUSH 2 DUP2 LT ISZERO ISZERO,PUSH 1 PUSH 1,,18,PUSH 0 PUSH 1 PUSH 2 SUB PUSH 2 DUP2 LT ISZERO ISZERO PUSH 3230,PUSH 0 PUSH 1 PUSH 1 PUSH 3230,"PUSH(1, PUSH(2, SUB(PUSH(2, DUP2(LT(ISZERO(ISZERO(P)))))))) ->  PUSH(1, PUSH(1, P))"
PUSH 0 DUP3 ADD PUSH w_7 PUSH w_6 SWAP2 SWAP1,PUSH w_6 DUP3 PUSH w_7,w_7 w_6,12,PUSH 0 PUSH 0 DUP3 ADD PUSH 0 PUSH 12546 SWAP2 SWAP1 PUSH 12633,PUSH 0 PUSH 12546 DUP3 PUSH 0 PUSH 12633,"PUSH(0, DUP3(ADD(PUSH(w_7, PUSH(w_6, SWAP2(SWAP1(P))))))) ->  PUSH(w_6, DUP3(PUSH(w_7, P)))"
PUSH w_2 CALLVALUE LT ISZERO ISZERO,CALLVALUE PUSH w_2 GT,w_2,6,PUSH 1000000000000000 CALLVALUE LT ISZERO ISZERO PUSH 1226,CALLVALUE PUSH 1000000000000000 GT PUSH 1226,"PUSH(w_2, CALLVALUE(LT(ISZERO(ISZERO(P))))) -> CALLVALUE(PUSH(w_2, GT(P)))"
PUSH 9 PUSH 12 DUP2 LT ISZERO ISZERO,PUSH 9 PUSH 1,,12,PUSH 100 PUSH 31 PUSH 9 PUSH 12 DUP2 LT ISZERO ISZERO PUSH 5944,PUSH 100 PUSH 31 PUSH 9 PUSH 1 PUSH 5944,"PUSH(9, PUSH(12, DUP2(LT(ISZERO(ISZERO(P)))))) -> PUSH(9, PUSH(1, P))"
PUSH w_4 DUP1 PUSH w_6 DUP1 PUSH w_7 PUSH w_5 SWAP5 POP PUSH w_6 SWAP4 POP,PUSH w_5 PUSH w_6 DUP1 DUP1 PUSH w_7,w_4 w_6 w_7 w_5,16,PUSH 0 DUP1 PUSH 0 DUP1 PUSH 0 PUSH 70 SWAP5 POP PUSH 0 SWAP4 POP,PUSH 70 PUSH 0 DUP1 DUP1 PUSH 0,"PUSH(w_4, DUP1(PUSH(w_6, DUP1(PUSH(w_7, PUSH(w_5, SWAP5(POP(PUSH(w_6, SWAP4(POP(P))))))))))) ->  PUSH(w_5, PUSH(w_6, DUP1(DUP1(PUSH(w_7, P)))))"
PUSH 0 PUSH w_1 MUL DUP3 PUSH 0 NOT AND EQ ISZERO ISZERO,DUP2 ISZERO,w_1,26,PUSH 0 PUSH 1 MUL DUP3 PUSH 0 NOT AND EQ ISZERO ISZERO PUSH 1957,DUP2 ISZERO PUSH 1957,"PUSH(0, PUSH(w_1, MUL(DUP3(PUSH(0, NOT(AND(EQ(ISZERO(ISZERO(P)))))))))) ->  DUP2(ISZERO(P))"
PUSH w_6 DUP1 SUB PUSH 1 DUP2 LT ISZERO ISZERO,PUSH 0 PUSH 1,w_6,18,PUSH 4 PUSH 1 DUP1 SUB PUSH 1 DUP2 LT ISZERO ISZERO PUSH 3257,PUSH 4 PUSH 0 PUSH 1 PUSH 3257,"PUSH(w_6, DUP1(SUB(PUSH(1, DUP2(LT(ISZERO(ISZERO(P)))))))) ->  PUSH(0, PUSH(1, P))"
CALLER SWAP1 POP,POP CALLER,,3,CALLER SWAP1 POP,POP CALLER,CALLER(SWAP1(POP(P))) -> POP(CALLER(P))
PUSH w_5 DUP1 PUSH w_7 DUP4 PUSH 0 NOT AND PUSH 0 NOT AND DUP2,PUSH w_5 PUSH w_5 PUSH w_7 DUP4 PUSH w_7,w_5 w_7,18,PUSH 1 DUP1 PUSH 0 DUP4 PUSH 0 NOT AND PUSH 0 NOT AND DUP2,PUSH 1 PUSH 1 PUSH 0 DUP4 PUSH 0,"PUSH(w_5, DUP1(PUSH(w_7, DUP4(PUSH(0, NOT(AND(PUSH(0, NOT(AND(DUP2(P))))))))))) ->  PUSH(w_5, PUSH(w_5, PUSH(w_7, DUP4(PUSH(w_7, P)))))"
CALLER DUP1,CALLER CALLER,,1,CALLER DUP1 DUP3,CALLER CALLER DUP3,CALLER(DUP1(P)) -> CALLER(CALLER(P))
PUSH 0 DUP1 DUP3 ADD PUSH w_6 PUSH w_5 SWAP2 SWAP1,PUSH 0 PUSH w_5 DUP3 SWAP3 PUSH w_6,w_6 w_5,9,PUSH 0 DUP1 DUP3 ADD PUSH 0 PUSH 10857 SWAP2 SWAP1 PUSH 10940,PUSH 0 PUSH 10857 DUP3 SWAP3 PUSH 0 PUSH 10940,"PUSH(0, DUP1(DUP3(ADD(PUSH(w_6, PUSH(w_5, SWAP2(SWAP1(P)))))))) ->  PUSH(0, PUSH(w_5, DUP3(SWAP3(PUSH(w_6, P)))))"
PUSH w_5 DUP1 PUSH w_5 DUP1 SWAP2 POP,PUSH w_5 DUP1 PUSH w_5,w_5,8,PUSH 0 DUP1 PUSH 0 DUP1 SWAP2 POP PUSH 8921 DUP5 PUSH 9250,PUSH 0 DUP1 PUSH 0 PUSH 8921 DUP5 PUSH 9250,"PUSH(w_5, DUP1(PUSH(w_5, DUP1(SWAP2(POP(P)))))) ->  PUSH(w_5, DUP1(PUSH(w_5, P)))"
PUSH 3 PUSH 4 DUP2 LT ISZERO ISZERO,PUSH 3 PUSH 1,,12,PUSH 0 PUSH 34 PUSH 3 PUSH 4 DUP2 LT ISZERO ISZERO PUSH 8088,PUSH 0 PUSH 34 PUSH 3 PUSH 1 PUSH 8088,"PUSH(3, PUSH(4, DUP2(LT(ISZERO(ISZERO(P)))))) -> PUSH(3, PUSH(1, P))"
PUSH w_4 PUSH w_4 PUSH w_5 NUMBER GT ISZERO ISZERO,PUSH w_4 DUP1 NUMBER PUSH w_5 LT,w_4 w_5,6,PUSH 0 PUSH 0 PUSH 3597381 NUMBER GT ISZERO ISZERO PUSH 2628,PUSH 0 DUP1 NUMBER PUSH 3597381 LT PUSH 2628,"PUSH(w_4, PUSH(w_4, PUSH(w_5, NUMBER(GT(ISZERO(ISZERO(P))))))) ->  PUSH(w_4, DUP1(NUMBER(PUSH(w_5, LT(P)))))"
CALLVALUE PUSH w_2 DUP2 EQ,CALLVALUE CALLVALUE PUSH w_2 EQ,w_2,1,CALLVALUE PUSH 1000000000000000000 DUP2 EQ PUSH 649,CALLVALUE CALLVALUE PUSH 1000000000000000000 EQ PUSH 649,"CALLVALUE(PUSH(w_2, DUP2(EQ(P)))) -> CALLVALUE(CALLVALUE(PUSH(w_2, EQ(P))))"
PUSH w_6 DUP5 PUSH 0 NOT AND PUSH 0 NOT AND DUP2,PUSH w_6 DUP5 PUSH w_6,w_6,18,CALLVALUE PUSH 1 PUSH 0 DUP5 PUSH 0 NOT AND PUSH 0 NOT AND DUP2,CALLVALUE PUSH 1 PUSH 0 DUP5 PUSH 0,"PUSH(w_6, DUP5(PUSH(0, NOT(AND(PUSH(0, NOT(AND(DUP2(P))))))))) ->  PUSH(w_6, DUP5(PUSH(w_6, P)))"
PUSH w_3 PUSH w_2 SWAP1,PUSH w_2 PUSH w_3,w_3 w_2,3,PUSH 1 PUSH 32 SWAP1 DUP2,PUSH 32 PUSH 1 DUP2,"PUSH(w_3, PUSH(w_2, SWAP1(P))) -> PUSH(w_2, PUSH(w_3, P))"
PUSH w_3 PUSH w_4 SWAP1 DUP2,PUSH w_4 PUSH w_3 PUSH w_4,w_3 w_4,3,PUSH 1 PUSH 0 SWAP1 DUP2,PUSH 0 PUSH 1 PUSH 0,"PUSH(w_3, PUSH(w_4, SWAP1(DUP2(P)))) -> PUSH(w_4, PUSH(w_3, PUSH(w_4, P)))"
DUP1 SLOAD SWAP1 POP,SLOAD,,8,PUSH 0 DUP1 SLOAD SWAP1 POP,PUSH 0 SLOAD,DUP1(SLOAD(SWAP1(POP(P)))) -> SLOAD(P)
DUP1 DUP3 PUSH 0 NOT AND PUSH 0 NOT AND DUP2,DUP1 DUP3 DUP3,,18,PUSH 64 MLOAD DUP1 DUP3 PUSH 0 NOT AND PUSH 0 NOT AND DUP2,PUSH 64 MLOAD DUP1 DUP3 DUP3,"DUP1(DUP3(PUSH(0, NOT(AND(PUSH(0, NOT(AND(DUP2(P))))))))) ->  DUP1(DUP3(DUP3(P)))"
PUSH w_6 DUP4 PUSH 0 NOT AND PUSH 0 NOT AND DUP2,PUSH w_6 DUP4 PUSH w_6,w_6,18,PUSH 6 PUSH 0 DUP4 PUSH 0 NOT AND PUSH 0 NOT AND DUP2,PUSH 6 PUSH 0 DUP4 PUSH 0,"PUSH(w_6, DUP4(PUSH(0, NOT(AND(PUSH(0, NOT(AND(DUP2(P))))))))) ->  PUSH(w_6, DUP4(PUSH(w_6, P)))"
PUSH w_6 DUP3 PUSH 0 NOT AND PUSH 0 NOT AND DUP2,PUSH w_6 DUP3 PUSH w_6,w_6,18,PUSH 5 PUSH 0 DUP3 PUSH 0 NOT AND PUSH 0 NOT AND DUP2,PUSH 5 PUSH 0 DUP3 PUSH 0,"PUSH(w_6, DUP3(PUSH(0, NOT(AND(PUSH(0, NOT(AND(DUP2(P))))))))) ->  PUSH(w_6, DUP3(PUSH(w_6, P)))"
PUSH w_5 DUP1 PUSH w_7 PUSH w_6 MLOAD SWAP1,PUSH w_5 PUSH w_5 PUSH w_6 MLOAD PUSH w_7,w_5 w_7 w_6,3,PUSH 0 DUP1 PUSH 352 PUSH 64 MLOAD SWAP1 DUP2 ADD PUSH 64,PUSH 0 PUSH 0 PUSH 64 MLOAD PUSH 352 DUP2 ADD PUSH 64,"PUSH(w_5, DUP1(PUSH(w_7, PUSH(w_6, MLOAD(SWAP1(P)))))) ->  PUSH(w_5, PUSH(w_5, PUSH(w_6, MLOAD(PUSH(w_7, P)))))"
PUSH 0 DUP1 PUSH w_6 DUP4 GT PUSH 1 DUP2 EQ,PUSH 1 ISZERO PUSH 0 PUSH w_6 DUP4 GT DUP1,w_6,3,PUSH 0 DUP1 PUSH 127 DUP4 GT PUSH 1 DUP2 EQ PUSH 2483,PUSH 1 ISZERO PUSH 0 PUSH 127 DUP4 GT DUP1 PUSH 2483,"PUSH(0, DUP1(PUSH(w_6, DUP4(GT(PUSH(1, DUP2(EQ(P)))))))) ->  PUSH(1, ISZERO(PUSH(0, PUSH(w_6, DUP4(GT(DUP1(P)))))))"
PUSH w_3 DUP1 PUSH w_3 DUP1 DUP5 MLOAD SWAP3 POP PUSH w_4 SWAP1 POP,PUSH w_3 DUP2 MLOAD DUP2 PUSH w_4,w_3 w_4,16,PUSH 0 DUP1 PUSH 0 DUP1 DUP5 MLOAD SWAP3 POP PUSH 0 SWAP1 POP,PUSH 0 DUP2 MLOAD DUP2 PUSH 0,"PUSH(w_3, DUP1(PUSH(w_3, DUP1(DUP5(MLOAD(SWAP3(POP(PUSH(w_4, SWAP1(POP(P))))))))))) ->  PUSH(w_3, DUP2(MLOAD(DUP2(PUSH(w_4, P)))))"
DUP1 PUSH w_6 DUP1 PUSH w_5 SWAP3 POP PUSH w_6 SWAP2 POP,PUSH w_5 PUSH w_6 DUP1,w_6 w_5,16,PUSH 0 DUP1 PUSH 0 DUP1 PUSH 1 SWAP3 POP PUSH 0 SWAP2 POP,PUSH 0 PUSH 1 PUSH 0 DUP1,"DUP1(PUSH(w_6, DUP1(PUSH(w_5, SWAP3(POP(PUSH(w_6, SWAP2(POP(P))))))))) ->  PUSH(w_5, PUSH(w_6, DUP1(P)))"
PUSH w_4 DUP1 PUSH w_7 DUP1 PUSH w_5 SWAP4 POP PUSH w_6 SWAP3 POP,PUSH w_5 PUSH w_6 PUSH w_7 PUSH w_7,w_4 w_7 w_5 w_6,16,PUSH 0 DUP1 PUSH 0 DUP1 PUSH 0 SWAP4 POP PUSH 0 SWAP3 POP,PUSH 0 PUSH 0 PUSH 0 PUSH 0,"PUSH(w_4, DUP1(PUSH(w_7, DUP1(PUSH(w_5, SWAP4(POP(PUSH(w_6, SWAP3(POP(P)))))))))) ->  PUSH(w_5, PUSH(w_6, PUSH(w_7, PUSH(w_7, P))))"
PUSH w_5 DUP1 PUSH w_6 PUSH w_7 DUP1 DUP2 GT ISZERO,PUSH w_5 PUSH w_5 PUSH w_6 PUSH w_7 PUSH 1,w_5 w_6 w_7,9,PUSH 0 DUP1 PUSH 0 PUSH 6 DUP1 DUP2 GT ISZERO PUSH 2828,PUSH 0 PUSH 0 PUSH 0 PUSH 6 PUSH 1 PUSH 2828,"PUSH(w_5, DUP1(PUSH(w_6, PUSH(w_7, DUP1(DUP2(GT(ISZERO(P)))))))) ->  PUSH(w_5, PUSH(w_5, PUSH(w_6, PUSH(w_7, PUSH(1, P)))))"
PUSH 0 DUP3 LT ISZERO,PUSH 1,,9,POP PUSH 0 DUP3 LT ISZERO,POP PUSH 1,"PUSH(0, DUP3(LT(ISZERO(P)))) -> PUSH(1, P)"
PUSH w_8 PUSH w_7 MLOAD SWAP1,PUSH w_7 MLOAD PUSH w_8,w_8 w_7,3,PUSH 0 PUSH 0 PUSH 32 PUSH 64 MLOAD SWAP1 DUP2 ADD PUSH 64,PUSH 0 PUSH 0 PUSH 64 MLOAD PUSH 32 DUP2 ADD PUSH 64,"PUSH(w_8, PUSH(w_7, MLOAD(SWAP1(P)))) -> PUSH(w_7, MLOAD(PUSH(w_8, P)))"
PUSH w_4 POP PUSH w_8 PUSH w_7 PUSH w_5 POP SLOAD DUP2,PUSH w_8 PUSH w_7 SLOAD PUSH w_8,w_4 w_8 w_7 w_5,10,PUSH 0 PUSH 0 POP PUSH 0 PUSH 3 PUSH 0 POP SLOAD DUP2,PUSH 0 PUSH 0 PUSH 3 SLOAD PUSH 0,"PUSH(w_4, POP(PUSH(w_8, PUSH(w_7, PUSH(w_5, POP(SLOAD(DUP2(P)))))))) ->  PUSH(w_8, PUSH(w_7, SLOAD(PUSH(w_8, P))))"
PUSH w_2 POP DUP2 SWAP1 SSTORE POP PUSH w_4 SWAP1 POP,SSTORE POP PUSH w_4,w_2 w_4,16,TIMESTAMP PUSH 0 PUSH 0 POP DUP2 SWAP1 SSTORE POP PUSH 0 SWAP1 POP,TIMESTAMP PUSH 0 SSTORE POP PUSH 0,"PUSH(w_2, POP(DUP2(SWAP1(SSTORE(POP(PUSH(w_4, SWAP1(POP(P))))))))) ->  SSTORE(POP(PUSH(w_4, P)))"
ADDRESS PUSH w_2 DUP2 DUP2,ADDRESS PUSH w_2 ADDRESS PUSH w_2,w_2,1,POP ADDRESS PUSH 0 DUP2 DUP2,POP ADDRESS PUSH 0 ADDRESS PUSH 0,"ADDRESS(PUSH(w_2, DUP2(DUP2(P)))) ->  ADDRESS(PUSH(w_2, ADDRESS(PUSH(w_2, P))))"
PUSH 0 PUSH w_1 PUSH w_2 PUSH w_3 EXP SUB AND,PUSH 0,w_1 w_2 w_3,25,DUP1 PUSH 0 PUSH 1 PUSH 160 PUSH 2 EXP SUB AND DUP2,DUP1 PUSH 0 DUP2,"PUSH(0, PUSH(w_1, PUSH(w_2, PUSH(w_3, EXP(SUB(AND(P))))))) -> PUSH(0, P)"
EQ ISZERO ISZERO,EQ,,6,EQ ISZERO ISZERO PUSH 10506,EQ PUSH 10506,EQ(ISZERO(ISZERO(P))) -> EQ(P)
PUSH 2 PUSH 13 DUP2 LT ISZERO ISZERO,PUSH 2 PUSH 1,,12,PUSH 43 PUSH 2 PUSH 13 DUP2 LT ISZERO ISZERO PUSH 19821,PUSH 43 PUSH 2 PUSH 1 PUSH 19821,"PUSH(2, PUSH(13, DUP2(LT(ISZERO(ISZERO(P)))))) -> PUSH(2, PUSH(1, P))"
PUSH 1 PUSH 13 DUP2 LT ISZERO ISZERO,PUSH 1 PUSH 1,,12,PUSH 43 PUSH 1 PUSH 13 DUP2 LT ISZERO ISZERO PUSH 19870,PUSH 43 PUSH 1 PUSH 1 PUSH 19870,"PUSH(1, PUSH(13, DUP2(LT(ISZERO(ISZERO(P)))))) -> PUSH(1, PUSH(1, P))"
PUSH 0 PUSH 5 DUP2 LT ISZERO ISZERO,PUSH 0 PUSH 1,,12,PUSH 38 PUSH 0 PUSH 5 DUP2 LT ISZERO ISZERO PUSH 6836,PUSH 38 PUSH 0 PUSH 1 PUSH 6836,"PUSH(0, PUSH(5, DUP2(LT(ISZERO(ISZERO(P)))))) -> PUSH(0, PUSH(1, P))"
PUSH 10 PUSH 12 DUP2 LT ISZERO ISZERO,PUSH 10 PUSH 1,,12,PUSH 31 PUSH 10 PUSH 12 DUP2 LT ISZERO ISZERO PUSH 11280,PUSH 31 PUSH 10 PUSH 1 PUSH 11280,"PUSH(10, PUSH(12, DUP2(LT(ISZERO(ISZERO(P)))))) -> PUSH(10, PUSH(1, P))"
PUSH 8 PUSH 12 DUP2 LT ISZERO ISZERO,PUSH 8 PUSH 1,,12,PUSH 31 PUSH 8 PUSH 12 DUP2 LT ISZERO ISZERO PUSH 20897,PUSH 31 PUSH 8 PUSH 1 PUSH 20897,"PUSH(8, PUSH(12, DUP2(LT(ISZERO(ISZERO(P)))))) -> PUSH(8, PUSH(1, P))"
PUSH 3 PUSH 12 DUP2 LT ISZERO ISZERO,PUSH 3 PUSH 1,,12,PUSH 31 PUSH 3 PUSH 12 DUP2 LT ISZERO ISZERO PUSH 18059,PUSH 31 PUSH 3 PUSH 1 PUSH 18059,"PUSH(3, PUSH(12, DUP2(LT(ISZERO(ISZERO(P)))))) -> PUSH(3, PUSH(1, P))"
SWAP2 SWAP1 SWAP2 AND SWAP1,DUP3 AND SWAP2 POP,,4,SWAP2 SWAP1 SWAP2 AND SWAP1,DUP3 AND SWAP2 POP,SWAP2(SWAP1(SWAP2(AND(SWAP1(P))))) -> DUP3(AND(SWAP2(POP(P))))
SWAP2 SWAP1 SWAP2 AND,SWAP1 SWAP2 AND,,3,SWAP2 SWAP1 SWAP2 AND DUP3,SWAP1 SWAP2 AND DUP3,SWAP2(SWAP1(SWAP2(AND(P)))) -> SWAP1(SWAP2(AND(P)))
PUSH 0 PUSH 7 DUP2 LT ISZERO ISZERO,PUSH 0 PUSH 1,,12,PUSH 14 PUSH 0 PUSH 7 DUP2 LT ISZERO ISZERO PUSH 5780,PUSH 14 PUSH 0 PUSH 1 PUSH 5780,"PUSH(0, PUSH(7, DUP2(LT(ISZERO(ISZERO(P)))))) -> PUSH(0, PUSH(1, P))"
SWAP1 SWAP3 POP SWAP1 POP,SWAP2 POP SWAP2 POP,,3,SWAP1 SWAP3 POP SWAP1 POP,SWAP2 POP SWAP2 POP,SWAP1(SWAP3(POP(SWAP1(POP(P))))) -> SWAP2(POP(SWAP2(POP(P))))
SWAP1 DUP3 ADD DUP2 SWAP1,DUP1 SWAP2 DUP4 ADD,,3,SWAP1 DUP3 ADD DUP2 SWAP1,DUP1 SWAP2 DUP4 ADD,SWAP1(DUP3(ADD(DUP2(SWAP1(P))))) -> DUP1(SWAP2(DUP4(ADD(P))))
PUSH 0 PUSH 11 DUP2 LT ISZERO ISZERO,PUSH 0 PUSH 1,,12,PUSH 5 PUSH 0 PUSH 11 DUP2 LT ISZERO ISZERO PUSH 6006,PUSH 5 PUSH 0 PUSH 1 PUSH 6006,"PUSH(0, PUSH(11, DUP2(LT(ISZERO(ISZERO(P)))))) -> PUSH(0, PUSH(1, P))"
SWAP1 POP DUP1 SWAP3 POP,SWAP3 POP POP DUP2,,3,SWAP1 POP DUP1 SWAP3 POP,SWAP3 POP POP DUP2,SWAP1(POP(DUP1(SWAP3(POP(P))))) -> SWAP3(POP(POP(DUP2(P))))
SWAP1 POP DUP1 SWAP2 POP,SWAP2 POP POP DUP1,,3,SWAP1 POP DUP1 SWAP2 POP,SWAP2 POP POP DUP1,SWAP1(POP(DUP1(SWAP2(POP(P))))) -> SWAP2(POP(POP(DUP1(P))))
PUSH 0 PUSH 14 DUP2 LT ISZERO ISZERO,PUSH 0 PUSH 1,,12,PUSH 3 PUSH 0 PUSH 14 DUP2 LT ISZERO ISZERO PUSH 9735,PUSH 3 PUSH 0 PUSH 1 PUSH 9735,"PUSH(0, PUSH(14, DUP2(LT(ISZERO(ISZERO(P)))))) -> PUSH(0, PUSH(1, P))"
PUSH 0 PUSH 1 DUP2 LT ISZERO ISZERO,PUSH 0 PUSH 1,,12,PUSH 2 PUSH 0 PUSH 1 DUP2 LT ISZERO ISZERO PUSH 1602,PUSH 2 PUSH 0 PUSH 1 PUSH 1602,"PUSH(0, PUSH(1, DUP2(LT(ISZERO(ISZERO(P)))))) -> PUSH(0, PUSH(1, P))"
PUSH 0 DUP4 PUSH w_1 AND LT ISZERO DUP1 ISZERO,PUSH 1 PUSH 0,w_1,18,PUSH 0 DUP4 PUSH 255 AND LT ISZERO DUP1 ISZERO PUSH 7034,PUSH 1 PUSH 0 PUSH 7034,"PUSH(0, DUP4(PUSH(w_1, AND(LT(ISZERO(DUP1(ISZERO(P)))))))) ->  PUSH(1, PUSH(0, P))"
PUSH w_0 DUP3 SWAP1 POP,DUP2,w_0,8,PUSH 0 DUP3 SWAP1 POP PUSH 3766 DUP4 DUP4 PUSH 2763,DUP2 PUSH 3766 DUP4 DUP4 PUSH 2763,"PUSH(w_0, DUP3(SWAP1(POP(P)))) -> DUP2(P)"
PUSH 0 DUP2 PUSH w_1 AND LT ISZERO DUP1 ISZERO,PUSH 1 PUSH 0,w_1,18,PUSH 0 DUP2 PUSH 255 AND LT ISZERO DUP1 ISZERO PUSH 4097,PUSH 1 PUSH 0 PUSH 4097,"PUSH(0, DUP2(PUSH(w_1, AND(LT(ISZERO(DUP1(ISZERO(P)))))))) ->  PUSH(1, PUSH(0, P))"
PUSH w_4 SLOAD TIMESTAMP LT ISZERO ISZERO,TIMESTAMP PUSH w_4 SLOAD GT,w_4,6,PUSH 0 DUP1 PUSH 8 SLOAD TIMESTAMP LT ISZERO ISZERO PUSH 347,PUSH 0 DUP1 TIMESTAMP PUSH 8 SLOAD GT PUSH 347,"PUSH(w_4, SLOAD(TIMESTAMP(LT(ISZERO(ISZERO(P)))))) ->  TIMESTAMP(PUSH(w_4, SLOAD(GT(P))))"
PUSH w_3 DUP1 PUSH w_2 DUP4 MLOAD SWAP2 POP PUSH w_3 SWAP1 POP,PUSH w_3 DUP2 MLOAD DUP2,w_3 w_2,16,PUSH 0 DUP1 PUSH 0 DUP4 MLOAD SWAP2 POP PUSH 0 SWAP1 POP,PUSH 0 DUP2 MLOAD DUP2,"PUSH(w_3, DUP1(PUSH(w_2, DUP4(MLOAD(SWAP2(POP(PUSH(w_3, SWAP1(POP(P)))))))))) ->  PUSH(w_3, DUP2(MLOAD(DUP2(P))))"
PUSH w_5 DUP1 PUSH w_6 DUP1 PUSH w_5 DUP1 PUSH w_5 SWAP4 POP,PUSH w_5 PUSH w_5 DUP2 PUSH w_6 DUP4 DUP1,w_5 w_6,8,PUSH 0 DUP1 PUSH 0 DUP1 PUSH 0 DUP1 PUSH 0 SWAP4 POP,PUSH 0 PUSH 0 DUP2 PUSH 0 DUP4 DUP1,"PUSH(w_5, DUP1(PUSH(w_6, DUP1(PUSH(w_5, DUP1(PUSH(w_5, SWAP4(POP(P))))))))) ->  PUSH(w_5, PUSH(w_5, DUP2(PUSH(w_6, DUP4(DUP1(P))))))"
PUSH w_6 DUP1 PUSH w_6 DUP1 PUSH w_6 DUP1 PUSH w_5 SWAP3 POP,PUSH w_6 DUP1 DUP1 PUSH w_5 PUSH w_6 DUP5,w_6 w_5,8,PUSH 0 DUP1 PUSH 0 DUP1 PUSH 0 DUP1 PUSH 0 SWAP3 POP,PUSH 0 DUP1 DUP1 PUSH 0 PUSH 0 DUP5,"PUSH(w_6, DUP1(PUSH(w_6, DUP1(PUSH(w_6, DUP1(PUSH(w_5, SWAP3(POP(P))))))))) ->  PUSH(w_6, DUP1(DUP1(PUSH(w_5, PUSH(w_6, DUP5(P))))))"
DUP1 PUSH w_1 PUSH w_5 SWAP2 POP PUSH w_6 SWAP1 POP,PUSH w_5 PUSH w_6,w_1 w_5 w_6,16,PUSH 0 DUP1 PUSH 0 PUSH 1 SWAP2 POP PUSH 100 SWAP1 POP,PUSH 0 PUSH 1 PUSH 100,"DUP1(PUSH(w_1, PUSH(w_5, SWAP2(POP(PUSH(w_6, SWAP1(POP(P)))))))) ->  PUSH(w_5, PUSH(w_6, P))"
PUSH 0 DUP1 PUSH 0 ADD PUSH w_3 ADD SLOAD SWAP1 POP,PUSH w_3 SLOAD,w_3,20,PUSH 0 DUP1 PUSH 0 ADD PUSH 1 ADD SLOAD SWAP1 POP SWAP1,PUSH 1 SLOAD SWAP1,"PUSH(0, DUP1(PUSH(0, ADD(PUSH(w_3, ADD(SLOAD(SWAP1(POP(P))))))))) ->  PUSH(w_3, SLOAD(P))"
DUP1 CALLER SWAP1 POP PUSH w_4 DUP2,CALLER PUSH w_4 CALLER,w_4,9,PUSH 0 DUP1 CALLER SWAP1 POP PUSH 4688 DUP2 PUSH 3995,PUSH 0 CALLER PUSH 4688 CALLER PUSH 3995,"DUP1(CALLER(SWAP1(POP(PUSH(w_4, DUP2(P)))))) -> CALLER(PUSH(w_4, CALLER(P)))"
PUSH 0 PUSH w_1 DUP4 AND LT,PUSH 0,w_1,12,PUSH 0 PUSH 4294967295 DUP4 AND LT PUSH 12490,PUSH 0 PUSH 12490,"PUSH(0, PUSH(w_1, DUP4(AND(LT(P))))) -> PUSH(0, P)"
PUSH w_6 DUP2 PUSH w_5 SWAP2 SWAP1,PUSH w_5 PUSH w_6 DUP3,w_6 w_5,6,PUSH 0 PUSH 12 DUP2 PUSH 2508 SWAP2 SWAP1 PUSH 3804,PUSH 0 PUSH 2508 PUSH 12 DUP3 PUSH 3804,"PUSH(w_6, DUP2(PUSH(w_5, SWAP2(SWAP1(P))))) -> PUSH(w_5, PUSH(w_6, DUP3(P)))"
PUSH w_1 CALLVALUE SWAP1 POP DUP1 PUSH 0 EQ,CALLVALUE DUP1 ISZERO,w_1,11,PUSH 0 CALLVALUE SWAP1 POP DUP1 PUSH 0 EQ DUP1 ISZERO PUSH 182,CALLVALUE DUP1 ISZERO DUP1 ISZERO PUSH 182,"PUSH(w_1, CALLVALUE(SWAP1(POP(DUP1(PUSH(0, EQ(P))))))) ->  CALLVALUE(DUP1(ISZERO(P)))"
PUSH w_2 TIMESTAMP LT ISZERO ISZERO,TIMESTAMP PUSH w_2 GT,w_2,6,PUSH 1507032000 TIMESTAMP LT ISZERO ISZERO PUSH 1927,TIMESTAMP PUSH 1507032000 GT PUSH 1927,"PUSH(w_2, TIMESTAMP(LT(ISZERO(ISZERO(P))))) -> TIMESTAMP(PUSH(w_2, GT(P)))"
DUP2 DUP4 ADD DUP5 SWAP1,DUP4 DUP4 DUP4 ADD,,3,DUP2 DUP4 ADD DUP5 SWAP1,DUP4 DUP4 DUP4 ADD,DUP2(DUP4(ADD(DUP5(SWAP1(P))))) -> DUP4(DUP4(DUP4(ADD(P))))
DUP1 SWAP3 SWAP2 POP POP,SWAP1 POP SWAP1,,5,DUP1 SWAP3 SWAP2 POP POP,SWAP1 POP SWAP1,DUP1(SWAP3(SWAP2(POP(POP(P))))) -> SWAP1(POP(SWAP1(P)))
PUSH w_2 SWAP1 SWAP2 SWAP1,SWAP1 PUSH w_2,w_2,6,PUSH 6213 SWAP1 SWAP2 SWAP1 PUSH 4294967295 AND,SWAP1 PUSH 6213 PUSH 4294967295 AND,"PUSH(w_2, SWAP1(SWAP2(SWAP1(P)))) -> SWAP1(PUSH(w_2, P))"
DUP1 DUP5 ADD SWAP4 POP,SWAP3 DUP4 ADD SWAP3,,2,DUP1 DUP5 ADD SWAP4 POP,SWAP3 DUP4 ADD SWAP3,DUP1(DUP5(ADD(SWAP4(POP(P))))) -> SWAP3(DUP4(ADD(SWAP3(P))))
DUP1 DUP5 ADD DUP4 SWAP1,DUP3 DUP5 DUP3 ADD,,3,DUP1 DUP5 ADD DUP4 SWAP1,DUP3 DUP5 DUP3 ADD,DUP1(DUP5(ADD(DUP4(SWAP1(P))))) -> DUP3(DUP5(DUP3(ADD(P))))
PUSH w_7 PUSH w_8 DUP2 SWAP1,PUSH w_7 PUSH w_7 PUSH w_8,w_7 w_8,3,PUSH 1581 PUSH 4 CALLDATALOAD PUSH 0 PUSH 32 DUP2 SWAP1,PUSH 1581 PUSH 4 CALLDATALOAD PUSH 0 PUSH 0 PUSH 32,"PUSH(w_7, PUSH(w_8, DUP2(SWAP1(P)))) -> PUSH(w_7, PUSH(w_7, PUSH(w_8, P)))"
PUSH w_5 DUP1 MLOAD DUP1 DUP3 ADD SWAP1 SWAP2,PUSH w_5 MLOAD DUP1 PUSH w_5 ADD PUSH w_5,w_5,6,PUSH 585 PUSH 64 DUP1 MLOAD DUP1 DUP3 ADD SWAP1 SWAP2,PUSH 585 PUSH 64 MLOAD DUP1 PUSH 64 ADD PUSH 64,"PUSH(w_5, DUP1(MLOAD(DUP1(DUP3(ADD(SWAP1(SWAP2(P)))))))) ->  PUSH(w_5, MLOAD(DUP1(PUSH(w_5, ADD(PUSH(w_5, P))))))"
PUSH w_5 PUSH w_4 MLOAD SWAP1 DUP2 ADD PUSH w_6 SWAP1 DUP2,PUSH w_4 MLOAD PUSH w_6 PUSH w_5 DUP3 ADD PUSH w_6,w_5 w_4 w_6,6,PUSH 96 PUSH 64 MLOAD SWAP1 DUP2 ADD PUSH 64 SWAP1 DUP2,PUSH 64 MLOAD PUSH 64 PUSH 96 DUP3 ADD PUSH 64,"PUSH(w_5, PUSH(w_4, MLOAD(SWAP1(DUP2(ADD(PUSH(w_6, SWAP1(DUP2(P))))))))) ->  PUSH(w_4, MLOAD(PUSH(w_6, PUSH(w_5, DUP3(ADD(PUSH(w_6, P)))))))"
DUP1 DUP4 ADD DUP3 SWAP1,DUP2 DUP4 DUP3 ADD,,3,DUP1 DUP4 ADD DUP3 SWAP1,DUP2 DUP4 DUP3 ADD,DUP1(DUP4(ADD(DUP3(SWAP1(P))))) -> DUP2(DUP4(DUP3(ADD(P))))
DUP1 MLOAD SWAP3 POP POP,MLOAD SWAP2 POP,,5,DUP1 MLOAD SWAP3 POP POP,MLOAD SWAP2 POP,DUP1(MLOAD(SWAP3(POP(POP(P))))) -> MLOAD(SWAP2(POP(P)))
PUSH w_2 DUP2 SWAP1 SSTORE PUSH w_2 DUP2 SWAP1 SSTORE POP,PUSH w_2 SSTORE,w_2,20017,PUSH 1 DUP2 SWAP1 SSTORE PUSH 1 DUP2 SWAP1 SSTORE POP POP,PUSH 1 SSTORE POP,"PUSH(w_2, DUP2(SWAP1(SSTORE(PUSH(w_2, DUP2(SWAP1(SSTORE(POP(P))))))))) ->  PUSH(w_2, SSTORE(P))"
PUSH w_5 PUSH w_6 PUSH w_4 SWAP2 SWAP1,PUSH w_4 PUSH w_5 PUSH w_6,w_5 w_6 w_4,6,PUSH 1 PUSH 0 PUSH 5531 SWAP2 SWAP1 PUSH 7311,PUSH 5531 PUSH 1 PUSH 0 PUSH 7311,"PUSH(w_5, PUSH(w_6, PUSH(w_4, SWAP2(SWAP1(P))))) ->  PUSH(w_4, PUSH(w_5, PUSH(w_6, P)))"
PUSH w_5 DUP2 DUP2 PUSH w_4 SWAP2 SWAP1,PUSH w_5 PUSH w_4 DUP3 PUSH w_5,w_5 w_4,6,PUSH 0 DUP2 DUP2 PUSH 18056 SWAP2 SWAP1 PUSH 18166,PUSH 0 PUSH 18056 DUP3 PUSH 0 PUSH 18166,"PUSH(w_5, DUP2(DUP2(PUSH(w_4, SWAP2(SWAP1(P)))))) ->  PUSH(w_5, PUSH(w_4, DUP3(PUSH(w_5, P))))"
PUSH 0 DUP2 PUSH w_1 AND LT ISZERO ISZERO,PUSH 0,w_1,18,PUSH 0 DUP2 PUSH 255 AND LT ISZERO ISZERO PUSH 7996,PUSH 0 PUSH 7996,"PUSH(0, DUP2(PUSH(w_1, AND(LT(ISZERO(ISZERO(P))))))) -> PUSH(0, P)"
DUP2 PUSH w_3 DUP2 SWAP1 SSTORE POP SWAP2 SWAP1 POP,PUSH w_3 SWAP3 SWAP2 SWAP1 SWAP3 SSTORE,w_3,7,PUSH 0 DUP2 PUSH 9 DUP2 SWAP1 SSTORE POP SWAP2 SWAP1 POP,PUSH 0 PUSH 9 SWAP3 SWAP2 SWAP1 SWAP3 SSTORE,"DUP2(PUSH(w_3, DUP2(SWAP1(SSTORE(POP(SWAP2(SWAP1(POP(P))))))))) ->  PUSH(w_3, SWAP3(SWAP2(SWAP1(SWAP3(SSTORE(P))))))"
DUP2 PUSH w_4 DUP2 LT ISZERO ISZERO,DUP2 PUSH w_4 DUP4 LT,w_4,6,PUSH 0 DUP2 PUSH 2 DUP2 LT ISZERO ISZERO PUSH 3189,PUSH 0 DUP2 PUSH 2 DUP4 LT PUSH 3189,"DUP2(PUSH(w_4, DUP2(LT(ISZERO(ISZERO(P)))))) -> DUP2(PUSH(w_4, DUP4(LT(P))))"
DUP1 PUSH w_4 DUP1 SWAP2 POP PUSH w_5 SWAP1 POP,PUSH w_4 PUSH w_5,w_4 w_5,16,PUSH 0 DUP1 PUSH 0 DUP1 SWAP2 POP PUSH 0 SWAP1 POP,PUSH 0 PUSH 0 PUSH 0,"DUP1(PUSH(w_4, DUP1(SWAP2(POP(PUSH(w_5, SWAP1(POP(P)))))))) ->  PUSH(w_4, PUSH(w_5, P))"
PUSH w_4 PUSH w_5 PUSH w_3 POP PUSH w_4 DUP6 DUP2,PUSH w_4 PUSH w_5 DUP2 DUP6 DUP4,w_4 w_5 w_3,5,PUSH 0 PUSH 265 PUSH 0 POP PUSH 0 DUP6 DUP2,PUSH 0 PUSH 265 DUP2 DUP6 DUP4,"PUSH(w_4, PUSH(w_5, PUSH(w_3, POP(PUSH(w_4, DUP6(DUP2(P))))))) ->  PUSH(w_4, PUSH(w_5, DUP2(DUP6(DUP4(P)))))"
PUSH w_1 SWAP1 SWAP2 ADD,SWAP1 PUSH w_1 ADD,w_1,3,PUSH 128 SWAP1 SWAP2 ADD,SWAP1 PUSH 128 ADD,"PUSH(w_1, SWAP1(SWAP2(ADD(P)))) -> SWAP1(PUSH(w_1, ADD(P)))"
PUSH w_9 PUSH 2 PUSH 255 AND DUP2,PUSH w_9 PUSH 2 PUSH w_9,w_9,6,PUSH 0 PUSH 5 PUSH 0 PUSH 2 PUSH 255 AND DUP2,PUSH 0 PUSH 5 PUSH 0 PUSH 2 PUSH 0,"PUSH(w_9, PUSH(2, PUSH(255, AND(DUP2(P))))) ->  PUSH(w_9, PUSH(2, PUSH(w_9, P)))"
PUSH 0 PUSH w_2 SLOAD SUB PUSH w_2 DUP2 SWAP1 SSTORE POP,,w_2,20220,PUSH 0 PUSH 4 SLOAD SUB PUSH 4 DUP2 SWAP1 SSTORE POP,,"PUSH(0, PUSH(w_2, SLOAD(SUB(PUSH(w_2, DUP2(SWAP1(SSTORE(POP(P))))))))) -> P"
PUSH 1 PUSH 4 DUP2 GT ISZERO,PUSH 1 PUSH 1,,9,PUSH 0 PUSH 1 PUSH 4 DUP2 GT ISZERO PUSH 2914,PUSH 0 PUSH 1 PUSH 1 PUSH 2914,"PUSH(1, PUSH(4, DUP2(GT(ISZERO(P))))) -> PUSH(1, PUSH(1, P))"
PUSH w_4 PUSH 1 ISZERO ISZERO PUSH w_6 PUSH w_4,PUSH w_4 PUSH 1 PUSH w_6 DUP3,w_4 w_6,6,PUSH 0 PUSH 1 ISZERO ISZERO PUSH 8 PUSH 0 DUP5 DUP2,PUSH 0 PUSH 1 PUSH 8 DUP3 DUP5 DUP2,"PUSH(w_4, PUSH(1, ISZERO(ISZERO(PUSH(w_6, PUSH(w_4, P)))))) ->  PUSH(w_4, PUSH(1, PUSH(w_6, DUP3(P))))"
PUSH w_5 PUSH w_5 PUSH w_6 PUSH w_6 DUP2 GT PUSH 0,PUSH w_5 DUP1 PUSH w_6 PUSH 0 DUP1,w_5 w_6,6,PUSH 0 PUSH 0 PUSH 3 PUSH 3 DUP2 GT PUSH 0,PUSH 0 DUP1 PUSH 3 PUSH 0 DUP1,"PUSH(w_5, PUSH(w_5, PUSH(w_6, PUSH(w_6, DUP2(GT(PUSH(0, P))))))) ->  PUSH(w_5, DUP1(PUSH(w_6, PUSH(0, DUP1(P)))))"
PUSH w_5 PUSH w_6 PUSH 2 PUSH 3 DUP2 GT PUSH w_5,PUSH w_5 PUSH w_6 PUSH 2 PUSH 0 DUP4,w_5 w_6,6,PUSH 0 PUSH 0 PUSH 2 PUSH 3 DUP2 GT PUSH 0,PUSH 0 PUSH 0 PUSH 2 PUSH 0 DUP4,"PUSH(w_5, PUSH(w_6, PUSH(2, PUSH(3, DUP2(GT(PUSH(w_5, P))))))) ->  PUSH(w_5, PUSH(w_6, PUSH(2, PUSH(0, DUP4(P)))))"
PUSH w_0 CALLER SWAP1 POP PUSH w_3 DUP2,CALLER PUSH w_3 CALLER,w_0 w_3,9,PUSH 0 CALLER SWAP1 POP PUSH 12146 DUP2 PUSH 10380,CALLER PUSH 12146 CALLER PUSH 10380,"PUSH(w_0, CALLER(SWAP1(POP(PUSH(w_3, DUP2(P)))))) ->  CALLER(PUSH(w_3, CALLER(P)))"
PUSH w_3 DUP2 AND PUSH w_4 SWAP1 DUP2,PUSH w_4 DUP2 PUSH w_3 AND PUSH w_4,w_3 w_4,3,POP PUSH 4294967295 DUP2 AND PUSH 0 SWAP1 DUP2,POP PUSH 0 DUP2 PUSH 4294967295 AND PUSH 0,"PUSH(w_3, DUP2(AND(PUSH(w_4, SWAP1(DUP2(P)))))) ->  PUSH(w_4, DUP2(PUSH(w_3, AND(PUSH(w_4, P)))))"
PUSH w_1 SWAP4 SWAP1 SWAP4,SWAP3 PUSH w_1,w_1,6,PUSH 32 SWAP4 SWAP1 SWAP4,SWAP3 PUSH 32,"PUSH(w_1, SWAP4(SWAP1(SWAP4(P)))) -> SWAP3(PUSH(w_1, P))"
CALLVALUE PUSH w_2 DUP2 LT,CALLVALUE CALLVALUE PUSH w_2 GT,w_2,1,CALLVALUE PUSH 1000000000 DUP2 LT ISZERO PUSH 708,CALLVALUE CALLVALUE PUSH 1000000000 GT ISZERO PUSH 708,"CALLVALUE(PUSH(w_2, DUP2(LT(P)))) -> CALLVALUE(CALLVALUE(PUSH(w_2, GT(P))))"
CALLVALUE PUSH w_4 DUP1 DUP1 PUSH w_5 DUP5,CALLVALUE PUSH w_4 DUP1 PUSH w_4 PUSH w_5 CALLVALUE,w_4 w_5,1,CALLVALUE PUSH 0 DUP1 DUP1 PUSH 991 DUP5 PUSH 1845,CALLVALUE PUSH 0 DUP1 PUSH 0 PUSH 991 CALLVALUE PUSH 1845,"CALLVALUE(PUSH(w_4, DUP1(DUP1(PUSH(w_5, DUP5(P)))))) ->  CALLVALUE(PUSH(w_4, DUP1(PUSH(w_4, PUSH(w_5, CALLVALUE(P))))))"
PUSH w_1 DUP3 SWAP1,DUP2 PUSH w_1,w_1,3,PUSH 11 DUP3 SWAP1 SSTORE,DUP2 PUSH 11 SSTORE,"PUSH(w_1, DUP3(SWAP1(P))) -> DUP2(PUSH(w_1, P))"
PUSH 1 ISZERO ISZERO PUSH w_4 PUSH w_6 DUP4 DUP2,PUSH 1 PUSH w_4 PUSH w_6 DUP4 PUSH w_6,w_4 w_6,6,DUP2 PUSH 1 ISZERO ISZERO PUSH 8 PUSH 0 DUP4 DUP2,DUP2 PUSH 1 PUSH 8 PUSH 0 DUP4 PUSH 0,"PUSH(1, ISZERO(ISZERO(PUSH(w_4, PUSH(w_6, DUP4(DUP2(P))))))) ->  PUSH(1, PUSH(w_4, PUSH(w_6, DUP4(PUSH(w_6, P)))))"
SWAP2 DUP3 SWAP1,DUP1 SWAP3,,3,PUSH 5 SWAP2 DUP3 SWAP1,PUSH 5 DUP1 SWAP3,SWAP2(DUP3(SWAP1(P))) -> DUP1(SWAP3(P))
PUSH 1 DUP2 MUL PUSH w_2 DUP2 SWAP1 SSTORE POP POP,PUSH w_2 SSTORE,w_2,21,PUSH 1 DUP2 MUL PUSH 20 DUP2 SWAP1 SSTORE POP POP,PUSH 20 SSTORE,"PUSH(1, DUP2(MUL(PUSH(w_2, DUP2(SWAP1(SSTORE(POP(POP(P))))))))) ->  PUSH(w_2, SSTORE(P))"
PUSH w_5 DUP1 PUSH w_3 SWAP2 SWAP1,PUSH w_3 PUSH w_5 PUSH w_5,w_5 w_3,6,PUSH 0 DUP1 PUSH 5441 SWAP2 SWAP1 PUSH 7311,PUSH 5441 PUSH 0 PUSH 0 PUSH 7311,"PUSH(w_5, DUP1(PUSH(w_3, SWAP2(SWAP1(P))))) ->  PUSH(w_3, PUSH(w_5, PUSH(w_5, P)))"
DUP1 PUSH w_2 ADD SWAP1 POP DUP1 POP,PUSH w_2 ADD,w_2,13,DUP1 PUSH 1 ADD SWAP1 POP DUP1 POP PUSH 6298,PUSH 1 ADD PUSH 6298,"DUP1(PUSH(w_2, ADD(SWAP1(POP(DUP1(POP(P))))))) -> PUSH(w_2, ADD(P))"
SWAP2 SWAP1 SWAP2 AND PUSH w_4 SWAP1 DUP2,PUSH w_4 SWAP2 SWAP3 AND PUSH w_4,w_4,6,PUSH 65535 SWAP2 SWAP1 SWAP2 AND PUSH 0 SWAP1 DUP2,PUSH 65535 PUSH 0 SWAP2 SWAP3 AND PUSH 0,"SWAP2(SWAP1(SWAP2(AND(PUSH(w_4, SWAP1(DUP2(P))))))) ->  PUSH(w_4, SWAP2(SWAP3(AND(PUSH(w_4, P)))))"
PUSH w_2 SWAP4 DUP5 SWAP1,PUSH w_2 PUSH w_2 SWAP5,w_2,3,PUSH 1 SWAP4 DUP5 SWAP1,PUSH 1 PUSH 1 SWAP5,"PUSH(w_2, SWAP4(DUP5(SWAP1(P)))) -> PUSH(w_2, PUSH(w_2, SWAP5(P)))"
PUSH w_2 MLOAD CALLVALUE SLT ISZERO ISZERO,CALLVALUE PUSH w_2 MLOAD SGT,w_2,6,PUSH 1472 MLOAD CALLVALUE SLT ISZERO ISZERO PUSH 1751,CALLVALUE PUSH 1472 MLOAD SGT PUSH 1751,"PUSH(w_2, MLOAD(CALLVALUE(SLT(ISZERO(ISZERO(P)))))) ->  CALLVALUE(PUSH(w_2, MLOAD(SGT(P))))"
PUSH w_1 SWAP2 SWAP1 SWAP2,SWAP1 PUSH w_1,w_1,6,PUSH 0 SWAP2 SWAP1 SWAP2,SWAP1 PUSH 0,"PUSH(w_1, SWAP2(SWAP1(SWAP2(P)))) -> SWAP1(PUSH(w_1, P))"
DUP1 SWAP1 POP,,,8,PUSH 0 DUP1 SWAP1 POP,PUSH 0,DUP1(SWAP1(POP(P))) -> P
PUSH w_0 NUMBER SWAP1 POP,NUMBER,w_0,8,PUSH 0 NUMBER SWAP1 POP,NUMBER,"PUSH(w_0, NUMBER(SWAP1(POP(P)))) -> NUMBER(P)"
PUSH w_4 DUP1 MLOAD PUSH w_3 SWAP3 SWAP1 SWAP3 AND DUP3,PUSH w_4 MLOAD DUP1 SWAP2 PUSH w_3 AND PUSH w_4 SWAP2,w_4 w_3,3,PUSH 64 DUP1 MLOAD PUSH 255 SWAP3 SWAP1 SWAP3 AND DUP3,PUSH 64 MLOAD DUP1 SWAP2 PUSH 255 AND PUSH 64 SWAP2,"PUSH(w_4, DUP1(MLOAD(PUSH(w_3, SWAP3(SWAP1(SWAP3(AND(DUP3(P))))))))) ->  PUSH(w_4, MLOAD(DUP1(SWAP2(PUSH(w_3, AND(PUSH(w_4, SWAP2(P))))))))"
PUSH w_0 TIMESTAMP SWAP1 POP,TIMESTAMP,w_0,8,PUSH 0 TIMESTAMP SWAP1 POP,TIMESTAMP,"PUSH(w_0, TIMESTAMP(SWAP1(POP(P)))) -> TIMESTAMP(P)"
PUSH w_0 ADDRESS SWAP1 POP,ADDRESS,w_0,8,PUSH 0 ADDRESS SWAP1 POP,ADDRESS,"PUSH(w_0, ADDRESS(SWAP1(POP(P)))) -> ADDRESS(P)"
PUSH 0 NOT AND,,,9,PUSH 0 NOT AND DUP2,DUP2,"PUSH(0, NOT(AND(P))) -> P"
PUSH w_3 DUP1 SLOAD SWAP1 POP SWAP1 POP PUSH w_2,POP PUSH w_2 PUSH w_3 SLOAD SWAP1,w_3 w_2,8,PUSH 12 DUP1 SLOAD SWAP1 POP SWAP1 POP PUSH 2689,POP PUSH 2689 PUSH 12 SLOAD SWAP1,"PUSH(w_3, DUP1(SLOAD(SWAP1(POP(SWAP1(POP(PUSH(w_2, P)))))))) ->  POP(PUSH(w_2, PUSH(w_3, SLOAD(SWAP1(P)))))"
PUSH 0 EQ,ISZERO,,3,POP DUP3 PUSH 0 EQ,POP DUP3 ISZERO,"PUSH(0, EQ(P)) -> ISZERO(P)"
PUSH 3 DUP1 PUSH 5 DUP2 GT ISZERO,PUSH 3 DUP1 PUSH 1,,9,PUSH 3 DUP1 PUSH 5 DUP2 GT ISZERO PUSH 6933,PUSH 3 DUP1 PUSH 1 PUSH 6933,"PUSH(3, DUP1(PUSH(5, DUP2(GT(ISZERO(P)))))) -> PUSH(3, DUP1(PUSH(1, P)))"
PUSH 2 DUP1 PUSH 5 DUP2 GT ISZERO,PUSH 2 DUP1 PUSH 1,,9,PUSH 2 DUP1 PUSH 5 DUP2 GT ISZERO PUSH 3407,PUSH 2 DUP1 PUSH 1 PUSH 3407,"PUSH(2, DUP1(PUSH(5, DUP2(GT(ISZERO(P)))))) -> PUSH(2, DUP1(PUSH(1, P)))"
PUSH 2 DUP1 PUSH 3 DUP2 GT ISZERO,PUSH 2 PUSH 2 PUSH 1,,9,PUSH 2 DUP1 PUSH 3 DUP2 GT ISZERO PUSH 647,PUSH 2 PUSH 2 PUSH 1 PUSH 647,"PUSH(2, DUP1(PUSH(3, DUP2(GT(ISZERO(P)))))) -> PUSH(2, PUSH(2, PUSH(1, P)))"
PUSH 1 DUP1 PUSH 9 DUP2 GT ISZERO,PUSH 1 PUSH 1 PUSH 1,,9,PUSH 1 DUP1 PUSH 9 DUP2 GT ISZERO PUSH 5896,PUSH 1 PUSH 1 PUSH 1 PUSH 5896,"PUSH(1, DUP1(PUSH(9, DUP2(GT(ISZERO(P)))))) -> PUSH(1, PUSH(1, PUSH(1, P)))"
PUSH 1 DUP1 PUSH 5 DUP2 GT ISZERO,PUSH 1 PUSH 1 PUSH 1,,9,PUSH 1 DUP1 PUSH 5 DUP2 GT ISZERO PUSH 9172,PUSH 1 PUSH 1 PUSH 1 PUSH 9172,"PUSH(1, DUP1(PUSH(5, DUP2(GT(ISZERO(P)))))) -> PUSH(1, PUSH(1, PUSH(1, P)))"
PUSH 1 DUP1 PUSH 3 DUP2 GT ISZERO,PUSH 1 PUSH 1 PUSH 1,,9,PUSH 1 DUP1 PUSH 3 DUP2 GT ISZERO PUSH 4284,PUSH 1 PUSH 1 PUSH 1 PUSH 4284,"PUSH(1, DUP1(PUSH(3, DUP2(GT(ISZERO(P)))))) -> PUSH(1, PUSH(1, PUSH(1, P)))"
PUSH 1 DUP1 PUSH 2 DUP2 GT ISZERO,PUSH 1 DUP1 DUP2,,9,PUSH 1 DUP1 PUSH 2 DUP2 GT ISZERO PUSH 1950,PUSH 1 DUP1 DUP2 PUSH 1950,"PUSH(1, DUP1(PUSH(2, DUP2(GT(ISZERO(P)))))) -> PUSH(1, DUP1(DUP2(P)))"
DUP3 DUP3 ADD DUP3 GT,DUP2 NOT DUP4 GT,,3,PUSH 0 DUP3 DUP3 ADD DUP3 GT ISZERO PUSH 10317,PUSH 0 DUP2 NOT DUP4 GT ISZERO PUSH 10317,DUP3(DUP3(ADD(DUP3(GT(P))))) -> DUP2(NOT(DUP4(GT(P))))
PUSH 0 DUP3 PUSH w_3 AND GT ISZERO,DUP2 PUSH w_3 AND ISZERO,w_3,6,PUSH 0 DUP3 PUSH 255 AND GT ISZERO PUSH 4095,DUP2 PUSH 255 AND ISZERO PUSH 4095,"PUSH(0, DUP3(PUSH(w_3, AND(GT(ISZERO(P)))))) ->  DUP2(PUSH(w_3, AND(ISZERO(P))))"
PUSH w_1 DUP1 DUP3 MLOAD SWAP2 POP PUSH w_2 SWAP1 POP,DUP1 MLOAD PUSH w_2,w_1 w_2,16,PUSH 0 DUP1 DUP3 MLOAD SWAP2 POP PUSH 0 SWAP1 POP,DUP1 MLOAD PUSH 0,"PUSH(w_1, DUP1(DUP3(MLOAD(SWAP2(POP(PUSH(w_2, SWAP1(POP(P))))))))) ->  DUP1(MLOAD(PUSH(w_2, P)))"
PUSH 0 DUP1 DUP3 LT ISZERO ISZERO ISZERO,PUSH 0 PUSH 1,,15,PUSH 0 DUP1 DUP3 LT ISZERO ISZERO ISZERO PUSH 2091,PUSH 0 PUSH 1 PUSH 2091,"PUSH(0, DUP1(DUP3(LT(ISZERO(ISZERO(ISZERO(P))))))) -> PUSH(0, PUSH(1, P))"
PUSH 0 DUP1 PUSH w_5 DUP2 GT ISZERO,PUSH 0 PUSH 0 PUSH 1,w_5,9,PUSH 0 DUP1 PUSH 1 DUP2 GT ISZERO PUSH 2945,PUSH 0 PUSH 0 PUSH 1 PUSH 2945,"PUSH(0, DUP1(PUSH(w_5, DUP2(GT(ISZERO(P)))))) -> PUSH(0, PUSH(0, PUSH(1, P)))"
PUSH w_6 DUP1 PUSH w_5 DUP1 PUSH w_6 DUP1 SWAP5 POP,PUSH w_6 DUP1 PUSH w_5 PUSH w_5 PUSH w_6,w_6 w_5,8,PUSH 0 DUP1 PUSH 0 DUP1 PUSH 0 DUP1 SWAP5 POP,PUSH 0 DUP1 PUSH 0 PUSH 0 PUSH 0,"PUSH(w_6, DUP1(PUSH(w_5, DUP1(PUSH(w_6, DUP1(SWAP5(POP(P)))))))) ->  PUSH(w_6, DUP1(PUSH(w_5, PUSH(w_5, PUSH(w_6, P)))))"
PUSH 0 CALLVALUE GT ISZERO,CALLVALUE ISZERO,,6,PUSH 0 DUP1 PUSH 0 CALLVALUE GT ISZERO PUSH 4936,PUSH 0 DUP1 CALLVALUE ISZERO PUSH 4936,"PUSH(0, CALLVALUE(GT(ISZERO(P)))) -> CALLVALUE(ISZERO(P))"
PUSH w_0 DUP1 TIMESTAMP NUMBER SWAP2 POP SWAP2 POP SWAP1,NUMBER TIMESTAMP,w_0,19,PUSH 0 DUP1 TIMESTAMP NUMBER SWAP2 POP SWAP2 POP SWAP1 SWAP2,NUMBER TIMESTAMP SWAP2,"PUSH(w_0, DUP1(TIMESTAMP(NUMBER(SWAP2(POP(SWAP2(POP(SWAP1(P))))))))) ->  NUMBER(TIMESTAMP(P))"
PUSH 0 DUP1 ISZERO ISZERO,PUSH 0 PUSH 0,,6,PUSH 0 DUP1 ISZERO ISZERO PUSH 4167 PUSH 6802,PUSH 0 PUSH 0 PUSH 4167 PUSH 6802,"PUSH(0, DUP1(ISZERO(ISZERO(P)))) -> PUSH(0, PUSH(0, P))"
PUSH w_5 DUP1 MLOAD SWAP1,PUSH w_5 MLOAD PUSH w_5,w_5,3,PUSH 0 PUSH 64 DUP1 MLOAD SWAP1 DUP2 ADD PUSH 64,PUSH 0 PUSH 64 MLOAD PUSH 64 DUP2 ADD PUSH 64,"PUSH(w_5, DUP1(MLOAD(SWAP1(P)))) -> PUSH(w_5, MLOAD(PUSH(w_5, P)))"
PUSH w_4 PUSH w_5 PUSH w_3 POP PUSH w_4 DUP4 DUP2,PUSH w_4 PUSH w_5 DUP2 DUP4 DUP4,w_4 w_5 w_3,5,PUSH 0 PUSH 1 PUSH 0 POP PUSH 0 DUP4 DUP2,PUSH 0 PUSH 1 DUP2 DUP4 DUP4,"PUSH(w_4, PUSH(w_5, PUSH(w_3, POP(PUSH(w_4, DUP4(DUP2(P))))))) ->  PUSH(w_4, PUSH(w_5, DUP2(DUP4(DUP4(P)))))"
PUSH 0 PUSH w_3 NOT DUP4 ADD LT,PUSH 0,w_3,15,PUSH 0 PUSH 0 NOT DUP4 ADD LT PUSH 13117,PUSH 0 PUSH 13117,"PUSH(0, PUSH(w_3, NOT(DUP4(ADD(LT(P)))))) -> PUSH(0, P)"
PUSH w_4 CALLER DUP2 PUSH w_5 DUP3,PUSH w_4 CALLER PUSH w_4 PUSH w_5 CALLER,w_4 w_5,1,PUSH 0 CALLER DUP2 PUSH 3769 DUP3 PUSH 6336,PUSH 0 CALLER PUSH 0 PUSH 3769 CALLER PUSH 6336,"PUSH(w_4, CALLER(DUP2(PUSH(w_5, DUP3(P))))) ->  PUSH(w_4, CALLER(PUSH(w_4, PUSH(w_5, CALLER(P)))))"
POP PUSH w_5 PUSH w_5 DUP2 GT ISZERO PUSH w_4,PUSH 1 PUSH w_4 PUSH w_5 SWAP3 POP,w_5 w_4,6,POP PUSH 3 PUSH 3 DUP2 GT ISZERO PUSH 1984,PUSH 1 PUSH 1984 PUSH 3 SWAP3 POP,"POP(PUSH(w_5, PUSH(w_5, DUP2(GT(ISZERO(PUSH(w_4, P))))))) ->  PUSH(1, PUSH(w_4, PUSH(w_5, SWAP3(POP(P)))))"
PUSH 0 DUP4 LT,PUSH 0,,6,POP PUSH 0 DUP4 LT,POP PUSH 0,"PUSH(0, DUP4(LT(P))) -> PUSH(0, P)"
PUSH 0 DUP3 LT,PUSH 0,,6,POP PUSH 0 DUP3 LT,POP PUSH 0,"PUSH(0, DUP3(LT(P))) -> PUSH(0, P)"
CALLVALUE DUP1,CALLVALUE CALLVALUE,,1,CALLVALUE DUP1 ISZERO PUSH 254,CALLVALUE CALLVALUE ISZERO PUSH 254,CALLVALUE(DUP1(P)) -> CALLVALUE(CALLVALUE(P))
CALLVALUE PUSH w_2 SWAP1 DUP2,PUSH w_2 CALLVALUE PUSH w_2,w_2,3,CALLVALUE PUSH 0 SWAP1 DUP2,PUSH 0 CALLVALUE PUSH 0,"CALLVALUE(PUSH(w_2, SWAP1(DUP2(P)))) -> PUSH(w_2, CALLVALUE(PUSH(w_2, P)))"
CALLER PUSH w_2 SWAP1 DUP2,PUSH w_2 CALLER PUSH w_2,w_2,3,CALLER PUSH 0 SWAP1 DUP2,PUSH 0 CALLER PUSH 0,"CALLER(PUSH(w_2, SWAP1(DUP2(P)))) -> PUSH(w_2, CALLER(PUSH(w_2, P)))"
CALLER PUSH w_2 DUP2 DUP2,CALLER PUSH w_2 CALLER PUSH w_2,w_2,1,CALLER PUSH 0 DUP2 DUP2,CALLER PUSH 0 CALLER PUSH 0,"CALLER(PUSH(w_2, DUP2(DUP2(P)))) -> CALLER(PUSH(w_2, CALLER(PUSH(w_2, P))))"
ADDRESS PUSH w_2 SWAP1 DUP2,PUSH w_2 ADDRESS PUSH w_2,w_2,3,ADDRESS PUSH 0 SWAP1 DUP2,PUSH 0 ADDRESS PUSH 0,"ADDRESS(PUSH(w_2, SWAP1(DUP2(P)))) -> PUSH(w_2, ADDRESS(PUSH(w_2, P)))"
PUSH w_1 DUP1 CALLER SWAP2 POP PUSH w_2 SWAP1 POP,CALLER PUSH w_2,w_1 w_2,16,PUSH 0 DUP1 CALLER SWAP2 POP PUSH 0 SWAP1 POP,CALLER PUSH 0,"PUSH(w_1, DUP1(CALLER(SWAP2(POP(PUSH(w_2, SWAP1(POP(P)))))))) ->  CALLER(PUSH(w_2, P))"
PUSH w_2 SWAP1 SWAP2 AND PUSH w_3 SWAP1,SWAP1 PUSH w_2 PUSH w_3 SWAP2 AND,w_2 w_3,3,PUSH 65535 SWAP1 SWAP2 AND PUSH 0 SWAP1 DUP2,SWAP1 PUSH 65535 PUSH 0 SWAP2 AND DUP2,"PUSH(w_2, SWAP1(SWAP2(AND(PUSH(w_3, SWAP1(P)))))) ->  SWAP1(PUSH(w_2, PUSH(w_3, SWAP2(AND(P)))))"
PUSH 1 MUL,,,8,PUSH 7177 DUP3 PUSH 1 MUL PUSH 19208,PUSH 7177 DUP3 PUSH 19208,"PUSH(1, MUL(P)) -> P"
PUSH w_4 POP PUSH w_5 DUP5 DUP2,PUSH w_5 DUP5 PUSH w_5,w_4 w_5,5,PUSH 265 PUSH 0 POP PUSH 0 DUP5 DUP2,PUSH 265 PUSH 0 DUP5 PUSH 0,"PUSH(w_4, POP(PUSH(w_5, DUP5(DUP2(P))))) -> PUSH(w_5, DUP5(PUSH(w_5, P)))"
PUSH w_1 POP DUP2 SWAP1 SSTORE POP,SSTORE,w_1,13,PUSH 263 PUSH 0 POP DUP2 SWAP1 SSTORE POP,PUSH 263 SSTORE,"PUSH(w_1, POP(DUP2(SWAP1(SSTORE(POP(P)))))) -> SSTORE(P)"
SWAP2 POP POP POP,POP POP POP,,3,SWAP2 POP POP POP,POP POP POP,SWAP2(POP(POP(POP(P)))) -> POP(POP(POP(P)))
SWAP1 POP POP,POP POP,,3,SWAP1 POP POP SWAP1,POP POP SWAP1,SWAP1(POP(POP(P))) -> POP(POP(P))
DUP2 SWAP1 SSTORE POP PUSH w_3 SWAP1 POP,PUSH w_3 SWAP3 POP SSTORE,w_3,8,PUSH 8 DUP2 SWAP1 SSTORE POP PUSH 1 SWAP1 POP,PUSH 8 PUSH 1 SWAP3 POP SSTORE,"DUP2(SWAP1(SSTORE(POP(PUSH(w_3, SWAP1(POP(P))))))) ->  PUSH(w_3, SWAP3(POP(SSTORE(P))))"
PUSH 8 PUSH 9 DUP2 GT ISZERO,PUSH 8 PUSH 1,,9,PUSH 8 PUSH 9 DUP2 GT ISZERO PUSH 4857,PUSH 8 PUSH 1 PUSH 4857,"PUSH(8, PUSH(9, DUP2(GT(ISZERO(P))))) -> PUSH(8, PUSH(1, P))"
PUSH 6 PUSH 9 DUP2 GT ISZERO,PUSH 6 PUSH 1,,9,PUSH 6 PUSH 9 DUP2 GT ISZERO PUSH 7007,PUSH 6 PUSH 1 PUSH 7007,"PUSH(6, PUSH(9, DUP2(GT(ISZERO(P))))) -> PUSH(6, PUSH(1, P))"
PUSH 5 PUSH 9 DUP2 GT ISZERO,PUSH 5 PUSH 1,,9,PUSH 5 PUSH 9 DUP2 GT ISZERO PUSH 6919,PUSH 5 PUSH 1 PUSH 6919,"PUSH(5, PUSH(9, DUP2(GT(ISZERO(P))))) -> PUSH(5, PUSH(1, P))"
PUSH 5 PUSH 6 DUP2 GT ISZERO,PUSH 5 PUSH 1,,9,PUSH 5 PUSH 6 DUP2 GT ISZERO PUSH 4437,PUSH 5 PUSH 1 PUSH 4437,"PUSH(5, PUSH(6, DUP2(GT(ISZERO(P))))) -> PUSH(5, PUSH(1, P))"
PUSH 4 PUSH 9 DUP2 GT ISZERO,PUSH 4 PUSH 1,,9,PUSH 4 PUSH 9 DUP2 GT ISZERO PUSH 6831,PUSH 4 PUSH 1 PUSH 6831,"PUSH(4, PUSH(9, DUP2(GT(ISZERO(P))))) -> PUSH(4, PUSH(1, P))"
PUSH 4 PUSH 6 DUP2 GT ISZERO,PUSH 4 PUSH 1,,9,PUSH 4 PUSH 6 DUP2 GT ISZERO PUSH 3360,PUSH 4 PUSH 1 PUSH 3360,"PUSH(4, PUSH(6, DUP2(GT(ISZERO(P))))) -> PUSH(4, PUSH(1, P))"
PUSH 4 PUSH 5 DUP2 GT ISZERO,PUSH 4 PUSH 1,,9,PUSH 4 PUSH 5 DUP2 GT ISZERO PUSH 4082,PUSH 4 PUSH 1 PUSH 4082,"PUSH(4, PUSH(5, DUP2(GT(ISZERO(P))))) -> PUSH(4, PUSH(1, P))"
PUSH 3 PUSH 6 DUP2 GT ISZERO,PUSH 3 PUSH 1,,9,PUSH 3 PUSH 6 DUP2 GT ISZERO PUSH 3281,PUSH 3 PUSH 1 PUSH 3281,"PUSH(3, PUSH(6, DUP2(GT(ISZERO(P))))) -> PUSH(3, PUSH(1, P))"
PUSH 3 PUSH 5 DUP2 GT ISZERO,PUSH 3 PUSH 1,,9,PUSH 3 PUSH 5 DUP2 GT ISZERO PUSH 3859,PUSH 3 PUSH 1 PUSH 3859,"PUSH(3, PUSH(5, DUP2(GT(ISZERO(P))))) -> PUSH(3, PUSH(1, P))"
PUSH 3 PUSH 4 DUP2 GT ISZERO,PUSH 3 PUSH 1,,9,PUSH 3 PUSH 4 DUP2 GT ISZERO PUSH 5425,PUSH 3 PUSH 1 PUSH 5425,"PUSH(3, PUSH(4, DUP2(GT(ISZERO(P))))) -> PUSH(3, PUSH(1, P))"
PUSH w_3 PUSH w_3 DUP2 GT ISZERO,PUSH w_3 PUSH 1,w_3,9,PUSH 3 PUSH 3 DUP2 GT ISZERO PUSH 1933,PUSH 3 PUSH 1 PUSH 1933,"PUSH(w_3, PUSH(w_3, DUP2(GT(ISZERO(P))))) -> PUSH(w_3, PUSH(1, P))"
PUSH 2 PUSH 9 DUP2 GT ISZERO,PUSH 2 PUSH 1,,9,PUSH 2 PUSH 9 DUP2 GT ISZERO PUSH 364,PUSH 2 PUSH 1 PUSH 364,"PUSH(2, PUSH(9, DUP2(GT(ISZERO(P))))) -> PUSH(2, PUSH(1, P))"
PUSH 2 PUSH 6 DUP2 GT ISZERO,PUSH 2 PUSH 1,,9,PUSH 2 PUSH 6 DUP2 GT ISZERO PUSH 3202,PUSH 2 PUSH 1 PUSH 3202,"PUSH(2, PUSH(6, DUP2(GT(ISZERO(P))))) -> PUSH(2, PUSH(1, P))"
PUSH 2 PUSH 5 DUP2 GT ISZERO,PUSH 2 PUSH 1,,9,PUSH 2 PUSH 5 DUP2 GT ISZERO PUSH 699,PUSH 2 PUSH 1 PUSH 699,"PUSH(2, PUSH(5, DUP2(GT(ISZERO(P))))) -> PUSH(2, PUSH(1, P))"
PUSH 2 PUSH 3 DUP2 GT ISZERO,PUSH 2 PUSH 1,,9,PUSH 2 PUSH 3 DUP2 GT ISZERO PUSH 2065,PUSH 2 PUSH 1 PUSH 2065,"PUSH(2, PUSH(3, DUP2(GT(ISZERO(P))))) -> PUSH(2, PUSH(1, P))"
DUP1 PUSH w_1 SWAP1,PUSH w_1 DUP2,w_1,3,DUP1 PUSH 3 SWAP1,PUSH 3 DUP2,"DUP1(PUSH(w_1, SWAP1(P))) -> PUSH(w_1, DUP2(P))"
PUSH 1 PUSH 5 DUP2 GT ISZERO,PUSH 1 PUSH 1,,9,PUSH 1 PUSH 5 DUP2 GT ISZERO PUSH 534,PUSH 1 PUSH 1 PUSH 534,"PUSH(1, PUSH(5, DUP2(GT(ISZERO(P))))) -> PUSH(1, PUSH(1, P))"
PUSH 1 PUSH 3 DUP2 GT ISZERO,PUSH 1 PUSH 1,,9,PUSH 1 PUSH 3 DUP2 GT ISZERO PUSH 2450,PUSH 1 PUSH 1 PUSH 2450,"PUSH(1, PUSH(3, DUP2(GT(ISZERO(P))))) -> PUSH(1, PUSH(1, P))"
PUSH 1 PUSH 2 DUP2 GT ISZERO,PUSH 1 PUSH 1,,9,PUSH 1 PUSH 2 DUP2 GT ISZERO PUSH 3555,PUSH 1 PUSH 1 PUSH 3555,"PUSH(1, PUSH(2, DUP2(GT(ISZERO(P))))) -> PUSH(1, PUSH(1, P))"
PUSH w_3 SLOAD PUSH w_2 SWAP1,PUSH w_2 PUSH w_3 SLOAD,w_3 w_2,3,PUSH 1 SLOAD PUSH 15552000 SWAP1 TIMESTAMP SUB,PUSH 15552000 PUSH 1 SLOAD TIMESTAMP SUB,"PUSH(w_3, SLOAD(PUSH(w_2, SWAP1(P)))) -> PUSH(w_2, PUSH(w_3, SLOAD(P)))"
PUSH 1 CALLVALUE LT ISZERO ISZERO ISZERO PUSH w_2,PUSH w_2 CALLVALUE ISZERO ISZERO SWAP1,w_2,6,PUSH 1 CALLVALUE LT ISZERO ISZERO ISZERO PUSH 573,PUSH 573 CALLVALUE ISZERO ISZERO SWAP1,"PUSH(1, CALLVALUE(LT(ISZERO(ISZERO(ISZERO(PUSH(w_2, P))))))) ->  PUSH(w_2, CALLVALUE(ISZERO(ISZERO(SWAP1(P)))))"
PUSH 1 ISZERO ISZERO,PUSH 1,,6,PUSH 1 ISZERO ISZERO PUSH 5700 PUSH 6802,PUSH 1 PUSH 5700 PUSH 6802,"PUSH(1, ISZERO(ISZERO(P))) -> PUSH(1, P)"
PUSH 0 DUP4 LT ISZERO ISZERO ISZERO,PUSH 1,,15,PUSH 0 DUP4 LT ISZERO ISZERO ISZERO PUSH 2301,PUSH 1 PUSH 2301,"PUSH(0, DUP4(LT(ISZERO(ISZERO(ISZERO(P)))))) -> PUSH(1, P)"
PUSH 0 DUP3 DUP5 SUB LT ISZERO,PUSH 1,,15,PUSH 0 DUP3 DUP5 SUB LT ISZERO PUSH 6899,PUSH 1 PUSH 6899,"PUSH(0, DUP3(DUP5(SUB(LT(ISZERO(P)))))) -> PUSH(1, P)"
PUSH 0 DUP3 LT ISZERO DUP1 ISZERO,PUSH 1 PUSH 0,,12,PUSH 0 DUP3 LT ISZERO DUP1 ISZERO PUSH 2498,PUSH 1 PUSH 0 PUSH 2498,"PUSH(0, DUP3(LT(ISZERO(DUP1(ISZERO(P)))))) -> PUSH(1, PUSH(0, P))"
PUSH 0 DUP3 LT ISZERO ISZERO ISZERO,PUSH 1,,15,PUSH 0 DUP3 LT ISZERO ISZERO ISZERO PUSH 3643,PUSH 1 PUSH 3643,"PUSH(0, DUP3(LT(ISZERO(ISZERO(ISZERO(P)))))) -> PUSH(1, P)"
PUSH 0 DUP2 LT ISZERO DUP1 ISZERO,PUSH 1 PUSH 0,,12,PUSH 0 DUP2 LT ISZERO DUP1 ISZERO PUSH 1337,PUSH 1 PUSH 0 PUSH 1337,"PUSH(0, DUP2(LT(ISZERO(DUP1(ISZERO(P)))))) -> PUSH(1, PUSH(0, P))"
PUSH 0 DUP1 DUP3 MLOAD GT ISZERO PUSH w_3,PUSH 0 PUSH w_3 DUP3 MLOAD ISZERO SWAP1,w_3,3,PUSH 0 DUP1 DUP3 MLOAD GT ISZERO PUSH 12580,PUSH 0 PUSH 12580 DUP3 MLOAD ISZERO SWAP1,"PUSH(0, DUP1(DUP3(MLOAD(GT(ISZERO(PUSH(w_3, P))))))) ->  PUSH(0, PUSH(w_3, DUP3(MLOAD(ISZERO(SWAP1(P))))))"
PUSH 0 DUP1 DUP3 LT ISZERO ISZERO,PUSH 0 PUSH 0,,12,PUSH 0 DUP1 DUP3 LT ISZERO ISZERO PUSH 1577,PUSH 0 PUSH 0 PUSH 1577,"PUSH(0, DUP1(DUP3(LT(ISZERO(ISZERO(P)))))) -> PUSH(0, PUSH(0, P))"
DUP1 DUP1 SLOAD SWAP1 POP SWAP1 POP,SLOAD,,16,PUSH 0 DUP1 DUP1 SLOAD SWAP1 POP SWAP1 POP SWAP1,PUSH 0 SLOAD SWAP1,DUP1(DUP1(SLOAD(SWAP1(POP(SWAP1(POP(P))))))) -> SLOAD(P)
DUP1 PUSH w_6 DUP1 PUSH w_5 SWAP3 POP,PUSH w_5 PUSH w_6 PUSH w_6,w_6 w_5,8,PUSH 0 DUP1 PUSH 0 DUP1 PUSH 0 SWAP3 POP,PUSH 0 PUSH 0 PUSH 0 PUSH 0,"DUP1(PUSH(w_6, DUP1(PUSH(w_5, SWAP3(POP(P)))))) ->  PUSH(w_5, PUSH(w_6, PUSH(w_6, P)))"
PUSH 0 DUP1 CALLVALUE EQ ISZERO ISZERO,PUSH 0 CALLVALUE ISZERO,,9,PUSH 0 DUP1 CALLVALUE EQ ISZERO ISZERO PUSH 585,PUSH 0 CALLVALUE ISZERO PUSH 585,"PUSH(0, DUP1(CALLVALUE(EQ(ISZERO(ISZERO(P)))))) ->  PUSH(0, CALLVALUE(ISZERO(P)))"
DUP1 CALLER SWAP1 POP,CALLER,,8,PUSH 0 DUP1 CALLER SWAP1 POP DUP3 PUSH 3881,PUSH 0 CALLER DUP3 PUSH 3881,DUP1(CALLER(SWAP1(POP(P)))) -> CALLER(P)
PUSH 0 DUP1 ADD PUSH w_2 ADD SLOAD SWAP1 POP,POP PUSH w_2 SLOAD,w_2,15,PUSH 0 DUP1 ADD PUSH 2 ADD SLOAD SWAP1 POP,POP PUSH 2 SLOAD,"PUSH(0, DUP1(ADD(PUSH(w_2, ADD(SLOAD(SWAP1(POP(P)))))))) ->  POP(PUSH(w_2, SLOAD(P)))"
PUSH w_0 PUSH w_2 SWAP1 POP SWAP2 SWAP1 POP,POP PUSH w_2 SWAP1,w_0 w_2,11,PUSH 0 PUSH 777 SWAP1 POP SWAP2 SWAP1 POP,POP PUSH 777 SWAP1,"PUSH(w_0, PUSH(w_2, SWAP1(POP(SWAP2(SWAP1(POP(P))))))) ->  POP(PUSH(w_2, SWAP1(P)))"
PUSH w_0 PUSH 9 PUSH 6 ADD SLOAD SWAP1 POP,PUSH 15 SLOAD,w_0,14,PUSH 0 PUSH 9 PUSH 6 ADD SLOAD SWAP1 POP,PUSH 15 SLOAD,"PUSH(w_0, PUSH(9, PUSH(6, ADD(SLOAD(SWAP1(POP(P))))))) -> PUSH(15, SLOAD(P))"
PUSH w_0 PUSH 9 PUSH 5 ADD SLOAD SWAP1 POP,PUSH 14 SLOAD,w_0,14,PUSH 0 PUSH 9 PUSH 5 ADD SLOAD SWAP1 POP,PUSH 14 SLOAD,"PUSH(w_0, PUSH(9, PUSH(5, ADD(SLOAD(SWAP1(POP(P))))))) -> PUSH(14, SLOAD(P))"
PUSH w_0 PUSH w_2 DUP1 SLOAD SWAP1 POP SWAP1 POP,PUSH w_2 SLOAD,w_0 w_2,16,PUSH 0 PUSH 4 DUP1 SLOAD SWAP1 POP SWAP1 POP,PUSH 4 SLOAD,"PUSH(w_0, PUSH(w_2, DUP1(SLOAD(SWAP1(POP(SWAP1(POP(P)))))))) ->  PUSH(w_2, SLOAD(P))"
PUSH 0 PUSH w_1 DUP2 GT ISZERO,PUSH 0 PUSH 1,w_1,9,PUSH 0 PUSH 2 DUP2 GT ISZERO PUSH 4282,PUSH 0 PUSH 1 PUSH 4282,"PUSH(0, PUSH(w_1, DUP2(GT(ISZERO(P))))) -> PUSH(0, PUSH(1, P))"
PUSH 2 PUSH 3 DUP2 GT,PUSH 2 PUSH 0,,6,PUSH 0 PUSH 2 PUSH 3 DUP2 GT PUSH 0,PUSH 0 PUSH 2 PUSH 0 PUSH 0,"PUSH(2, PUSH(3, DUP2(GT(P)))) -> PUSH(2, PUSH(0, P))"
PUSH 1 PUSH 3 DUP2 GT,PUSH 1 PUSH 0,,6,PUSH 0 PUSH 1 PUSH 3 DUP2 GT PUSH 0,PUSH 0 PUSH 1 PUSH 0 PUSH 0,"PUSH(1, PUSH(3, DUP2(GT(P)))) -> PUSH(1, PUSH(0, P))"
PUSH w_4 PUSH 1 MUL SWAP2 POP PUSH w_3,PUSH w_3 PUSH w_4 SWAP3 POP,w_4 w_3,8,PUSH 0 PUSH 1 MUL SWAP2 POP PUSH 13837,PUSH 13837 PUSH 0 SWAP3 POP,"PUSH(w_4, PUSH(1, MUL(SWAP2(POP(PUSH(w_3, P)))))) ->  PUSH(w_3, PUSH(w_4, SWAP3(POP(P))))"
PUSH 0 PUSH w_1 MUL SWAP2 POP PUSH w_3,PUSH w_3 PUSH 0 SWAP3 POP,w_1 w_3,8,PUSH 0 PUSH 1 MUL SWAP2 POP PUSH 13837,PUSH 13837 PUSH 0 SWAP3 POP,"PUSH(0, PUSH(w_1, MUL(SWAP2(POP(PUSH(w_3, P)))))) ->  PUSH(w_3, PUSH(0, SWAP3(POP(P))))"
PUSH 0 PUSH 0 DUP5 LT,PUSH 0 DUP1,,6,PUSH 0 PUSH 0 DUP5 LT DUP1 PUSH 9079,PUSH 0 DUP1 DUP1 PUSH 9079,"PUSH(0, PUSH(0, DUP5(LT(P)))) -> PUSH(0, DUP1(P))"
PUSH 0 ISZERO ISZERO,PUSH 0,,6,PUSH 0 ISZERO ISZERO PUSH 6334 PUSH 6802,PUSH 0 PUSH 6334 PUSH 6802,"PUSH(0, ISZERO(ISZERO(P))) -> PUSH(0, P)"
PUSH w_4 POP PUSH w_5 DUP4 DUP2,PUSH w_5 DUP4 PUSH w_5,w_4 w_5,5,CALLER PUSH 1 PUSH 0 POP PUSH 0 DUP4 DUP2,CALLER PUSH 1 PUSH 0 DUP4 PUSH 0,"PUSH(w_4, POP(PUSH(w_5, DUP4(DUP2(P))))) -> PUSH(w_5, DUP4(PUSH(w_5, P)))"
SWAP1 PUSH w_1 SWAP1 DUP3 SWAP1,DUP1 PUSH w_1 SWAP2 SWAP3,w_1,3,SWAP1 PUSH 2 SWAP1 DUP3 SWAP1 DUP1 CODESIZE DUP4,DUP1 PUSH 2 SWAP2 SWAP3 DUP1 CODESIZE DUP4,"SWAP1(PUSH(w_1, SWAP1(DUP3(SWAP1(P))))) -> DUP1(PUSH(w_1, SWAP2(SWAP3(P))))"
PUSH w_1 DUP5 SWAP1,DUP4 PUSH w_1,w_1,3,PUSH 32 DUP5 SWAP1,DUP4 PUSH 32,"PUSH(w_1, DUP5(SWAP1(P))) -> DUP4(PUSH(w_1, P))"
PUSH w_1 DUP4 SWAP1,DUP3 PUSH w_1,w_1,3,PUSH 32 DUP4 SWAP1,DUP3 PUSH 32,"PUSH(w_1, DUP4(SWAP1(P))) -> DUP3(PUSH(w_1, P))"
DUP2 DUP4 ADD SWAP1 POP SWAP3 SWAP2 POP POP,POP ADD SWAP1,,16,DUP2 DUP4 ADD SWAP1 POP SWAP3 SWAP2 POP POP,POP ADD SWAP1,DUP2(DUP4(ADD(SWAP1(POP(SWAP3(SWAP2(POP(POP(P))))))))) -> POP(ADD(SWAP1(P)))
PUSH 0 ADD DUP2 SWAP1 SSTORE POP,SSTORE,,14,DUP2 DUP2 PUSH 0 ADD DUP2 SWAP1 SSTORE POP,DUP2 DUP2 SSTORE,"PUSH(0, ADD(DUP2(SWAP1(SSTORE(POP(P)))))) -> SSTORE(P)"
DUP2 PUSH w_1 DUP2 SWAP1 SSTORE POP POP POP,POP PUSH w_1 SSTORE,w_1,13,DUP2 PUSH 2 DUP2 SWAP1 SSTORE POP POP POP,POP PUSH 2 SSTORE,"DUP2(PUSH(w_1, DUP2(SWAP1(SSTORE(POP(POP(POP(P)))))))) ->  POP(PUSH(w_1, SSTORE(P)))"
DUP1 SLOAD PUSH w_2 SWAP1,PUSH w_2 DUP2 SLOAD,w_2,3,DUP1 SLOAD PUSH 5070 SWAP1 PUSH 4086,PUSH 5070 DUP2 SLOAD PUSH 4086,"DUP1(SLOAD(PUSH(w_2, SWAP1(P)))) -> PUSH(w_2, DUP2(SLOAD(P)))"
PUSH 0 LT ISZERO,ISZERO,,6,DUP1 SLOAD PUSH 0 LT ISZERO PUSH 15231,DUP1 SLOAD ISZERO PUSH 15231,"PUSH(0, LT(ISZERO(P))) -> ISZERO(P)"
PUSH 4294967295 PUSH 7776 AND,PUSH 7776,,6,PUSH 4294967295 PUSH 7776 AND,PUSH 7776,"PUSH(4294967295, PUSH(7776, AND(P))) -> PUSH(7776, P)"
PUSH w_1 TIMESTAMP GT SWAP1 POP,POP PUSH w_1 TIMESTAMP GT,w_1,3,PUSH 1507622400 TIMESTAMP GT SWAP1 POP,POP PUSH 1507622400 TIMESTAMP GT,"PUSH(w_1, TIMESTAMP(GT(SWAP1(POP(P))))) -> POP(PUSH(w_1, TIMESTAMP(GT(P))))"
PUSH w_2 SWAP1 DUP3 SWAP1,DUP2 PUSH w_2 SWAP2,w_2,3,PUSH 10366 SWAP1 DUP3 SWAP1 PUSH 12844,DUP2 PUSH 10366 SWAP2 PUSH 12844,"PUSH(w_2, SWAP1(DUP3(SWAP1(P)))) -> DUP2(PUSH(w_2, SWAP2(P)))"
DUP1 DUP5 AND PUSH w_4 SWAP1 DUP2,PUSH w_4 DUP2 DUP6 AND PUSH w_4,w_4,3,PUSH 255 DUP1 DUP5 AND PUSH 0 SWAP1 DUP2,PUSH 255 PUSH 0 DUP2 DUP6 AND PUSH 0,"DUP1(DUP5(AND(PUSH(w_4, SWAP1(DUP2(P)))))) ->  PUSH(w_4, DUP2(DUP6(AND(PUSH(w_4, P)))))"
PUSH w_1 DUP1 POP POP,,w_1,10,PUSH 103 PUSH 4 DUP1 POP POP PUSH 234,PUSH 103 PUSH 234,"PUSH(w_1, DUP1(POP(POP(P)))) -> P"
PUSH w_3 MSIZE SWAP1 MSIZE ADD PUSH w_2 SWAP1,MSIZE PUSH w_2 DUP2 PUSH w_3 ADD,w_3 w_2,5,PUSH 64 MSIZE SWAP1 MSIZE ADD PUSH 0 SWAP1,MSIZE PUSH 0 DUP2 PUSH 64 ADD,"PUSH(w_3, MSIZE(SWAP1(MSIZE(ADD(PUSH(w_2, SWAP1(P))))))) ->  MSIZE(PUSH(w_2, DUP2(PUSH(w_3, ADD(P)))))"
PUSH w_4 PUSH w_5 SHA3 SWAP1 PUSH w_3 SWAP1,PUSH w_3 PUSH w_4 PUSH w_5 SHA3 SWAP2,w_4 w_5 w_3,3,PUSH 32 PUSH 0 SHA3 SWAP1 PUSH 0 SWAP1,PUSH 0 PUSH 32 PUSH 0 SHA3 SWAP2,"PUSH(w_4, PUSH(w_5, SHA3(SWAP1(PUSH(w_3, SWAP1(P)))))) ->  PUSH(w_3, PUSH(w_4, PUSH(w_5, SHA3(SWAP2(P)))))"
ADD DUP3 PUSH 0 NOT AND,SWAP1 ADD DUP3,,6,PUSH 32 ADD DUP3 PUSH 0 NOT AND DUP2,PUSH 32 SWAP1 ADD DUP3 DUP2,"ADD(DUP3(PUSH(0, NOT(AND(P))))) -> SWAP1(ADD(DUP3(P)))"
PUSH w_0 ADD POP,POP,w_0,6,PUSH 32 ADD POP PUSH 0 PUSH 3929,POP PUSH 0 PUSH 3929,"PUSH(w_0, ADD(POP(P))) -> POP(P)"
PUSH w_3 DUP2 SWAP1 SSTORE PUSH w_2 DUP2 DUP2,PUSH w_2 DUP2 DUP2 DUP4 PUSH w_3 SSTORE,w_3 w_2,3,PUSH 24 DUP2 SWAP1 SSTORE PUSH 0 DUP2 DUP2,PUSH 0 DUP2 DUP2 DUP4 PUSH 24 SSTORE,"PUSH(w_3, DUP2(SWAP1(SSTORE(PUSH(w_2, DUP2(DUP2(P))))))) ->  PUSH(w_2, DUP2(DUP2(DUP4(PUSH(w_3, SSTORE(P))))))"
PUSH w_2 SLOAD TIMESTAMP SWAP1,TIMESTAMP PUSH w_2 SLOAD,w_2,3,PUSH 10 SLOAD TIMESTAMP SWAP1 LT PUSH 2524,TIMESTAMP PUSH 10 SLOAD LT PUSH 2524,"PUSH(w_2, SLOAD(TIMESTAMP(SWAP1(P)))) -> TIMESTAMP(PUSH(w_2, SLOAD(P)))"
PUSH w_1 DUP1 SLOAD SWAP1 POP SWAP1 POP,POP PUSH w_1 SLOAD,w_1,11,PUSH 8 DUP1 SLOAD SWAP1 POP SWAP1 POP SWAP1,POP PUSH 8 SLOAD SWAP1,"PUSH(w_1, DUP1(SLOAD(SWAP1(POP(SWAP1(POP(P))))))) -> POP(PUSH(w_1, SLOAD(P)))"
PUSH w_2 SLOAD NUMBER SWAP1,NUMBER PUSH w_2 SLOAD,w_2,3,PUSH 6 SLOAD NUMBER SWAP1 LT PUSH 5657,NUMBER PUSH 6 SLOAD LT PUSH 5657,"PUSH(w_2, SLOAD(NUMBER(SWAP1(P)))) -> NUMBER(PUSH(w_2, SLOAD(P)))"
PUSH w_4 PUSH w_3 DUP1 DUP4 ADD SWAP2,PUSH w_3 DUP2 ADD PUSH w_3 PUSH w_4,w_4 w_3,3,PUSH 4 PUSH 32 DUP1 DUP4 ADD SWAP2 DUP3,PUSH 32 DUP2 ADD PUSH 32 PUSH 4 DUP3,"PUSH(w_4, PUSH(w_3, DUP1(DUP4(ADD(SWAP2(P)))))) ->  PUSH(w_3, DUP2(ADD(PUSH(w_3, PUSH(w_4, P)))))"
PUSH w_4 SLOAD PUSH 0 NOT ADD,PUSH 1 PUSH w_4 SLOAD SUB,w_4,3,PUSH 2 SLOAD PUSH 0 NOT ADD PUSH 0,PUSH 1 PUSH 2 SLOAD SUB PUSH 0,"PUSH(w_4, SLOAD(PUSH(0, NOT(ADD(P))))) -> PUSH(1, PUSH(w_4, SLOAD(SUB(P))))"
DUP1 DUP2 GT ISZERO,PUSH 1,,9,PUSH 1 DUP1 DUP2 GT ISZERO PUSH 4433,PUSH 1 PUSH 1 PUSH 4433,"DUP1(DUP2(GT(ISZERO(P)))) -> PUSH(1, P)"
PUSH w_2 POP,,w_2,5,PUSH 1 PUSH 0 POP PUSH 0 DUP4 DUP2,PUSH 1 PUSH 0 DUP4 DUP2,"PUSH(w_2, POP(P)) -> P"
PUSH 0 DUP4 EQ ISZERO ISZERO,DUP3 ISZERO,,9,PUSH 0 DUP4 EQ ISZERO ISZERO PUSH 3187,DUP3 ISZERO PUSH 3187,"PUSH(0, DUP4(EQ(ISZERO(ISZERO(P))))) -> DUP3(ISZERO(P))"
PUSH 0 DUP3 EQ ISZERO ISZERO,DUP2 ISZERO,,9,PUSH 0 DUP3 EQ ISZERO ISZERO PUSH 3725,DUP2 ISZERO PUSH 3725,"PUSH(0, DUP3(EQ(ISZERO(ISZERO(P))))) -> DUP2(ISZERO(P))"
PUSH w_0 DUP2 EXTCODESIZE SWAP1 POP SWAP2 SWAP1 POP,EXTCODESIZE SWAP1,w_0,16,PUSH 0 DUP2 EXTCODESIZE SWAP1 POP SWAP2 SWAP1 POP,EXTCODESIZE SWAP1,"PUSH(w_0, DUP2(EXTCODESIZE(SWAP1(POP(SWAP2(SWAP1(POP(P)))))))) ->  EXTCODESIZE(SWAP1(P))"
PUSH 0 DUP2 GT ISZERO,DUP1 SWAP1 ISZERO,,3,PUSH 0 DUP2 GT ISZERO ISZERO PUSH 4089,DUP1 SWAP1 ISZERO ISZERO PUSH 4089,"PUSH(0, DUP2(GT(ISZERO(P)))) -> DUP1(SWAP1(ISZERO(P)))"
PUSH 0 DUP1 DUP3 EQ,PUSH 0 DUP2 ISZERO,,3,PUSH 0 DUP1 DUP3 EQ DUP1 PUSH 2244,PUSH 0 DUP2 ISZERO DUP1 PUSH 2244,"PUSH(0, DUP1(DUP3(EQ(P)))) -> PUSH(0, DUP2(ISZERO(P)))"
PUSH 0 DUP1 DUP3 LT,PUSH 0 PUSH 0,,6,PUSH 0 DUP1 DUP3 LT DUP1 PUSH 10757,PUSH 0 PUSH 0 DUP1 PUSH 10757,"PUSH(0, DUP1(DUP3(LT(P)))) -> PUSH(0, PUSH(0, P))"
PUSH 0 DUP1 DUP3 LT ISZERO,PUSH 0 PUSH 1,,9,PUSH 0 DUP1 DUP3 LT ISZERO PUSH 1469,PUSH 0 PUSH 1 PUSH 1469,"PUSH(0, DUP1(DUP3(LT(ISZERO(P))))) -> PUSH(0, PUSH(1, P))"
PUSH 0 DUP1 CALLVALUE GT ISZERO,PUSH 0 CALLVALUE ISZERO,,6,PUSH 0 DUP1 CALLVALUE GT ISZERO PUSH 1544,PUSH 0 CALLVALUE ISZERO PUSH 1544,"PUSH(0, DUP1(CALLVALUE(GT(ISZERO(P))))) -> PUSH(0, CALLVALUE(ISZERO(P)))"
PUSH w_0 PUSH w_2 SLOAD SWAP1 POP,PUSH w_2 SLOAD,w_0 w_2,8,PUSH 0 PUSH 1100 SLOAD SWAP1 POP SWAP1,PUSH 1100 SLOAD SWAP1,"PUSH(w_0, PUSH(w_2, SLOAD(SWAP1(POP(P))))) -> PUSH(w_2, SLOAD(P))"
PUSH w_2 PUSH w_3 DUP2 SWAP1 SSTORE POP POP,POP PUSH w_2 PUSH w_3 SSTORE,w_2 w_3,8,PUSH 0 PUSH 6 DUP2 SWAP1 SSTORE POP POP,POP PUSH 0 PUSH 6 SSTORE,"PUSH(w_2, PUSH(w_3, DUP2(SWAP1(SSTORE(POP(POP(P))))))) ->  POP(PUSH(w_2, PUSH(w_3, SSTORE(P))))"
PUSH w_0 PUSH w_3 SWAP1 POP,PUSH w_3,w_0 w_3,8,PUSH 0 PUSH 1 SWAP1 POP PUSH 2337,PUSH 1 PUSH 2337,"PUSH(w_0, PUSH(w_3, SWAP1(POP(P)))) -> PUSH(w_3, P)"
PUSH 0 DUP3 EQ,DUP2 ISZERO,,3,PUSH 0 PUSH 0 DUP3 EQ PUSH 3513,PUSH 0 DUP2 ISZERO PUSH 3513,"PUSH(0, DUP3(EQ(P))) -> DUP2(ISZERO(P))"
PUSH 0 CALLVALUE EQ ISZERO ISZERO,CALLVALUE ISZERO,,9,PUSH 0 CALLVALUE EQ ISZERO ISZERO PUSH 1253,CALLVALUE ISZERO PUSH 1253,"PUSH(0, CALLVALUE(EQ(ISZERO(ISZERO(P))))) -> CALLVALUE(ISZERO(P))"
PUSH 0 CALLVALUE GT ISZERO ISZERO PUSH w_2,PUSH w_2 CALLVALUE ISZERO ISZERO SWAP1,w_2,3,PUSH 0 CALLVALUE GT ISZERO ISZERO PUSH 1505,PUSH 1505 CALLVALUE ISZERO ISZERO SWAP1,"PUSH(0, CALLVALUE(GT(ISZERO(ISZERO(PUSH(w_2, P)))))) ->  PUSH(w_2, CALLVALUE(ISZERO(ISZERO(SWAP1(P)))))"
PUSH 0 NOT AND PUSH 0 NOT AND,,,18,PUSH 0 NOT AND PUSH 0 NOT AND DUP2,DUP2,"PUSH(0, NOT(AND(PUSH(0, NOT(AND(P)))))) -> P"
PUSH w_3 DUP1 MLOAD SWAP1 DUP2 ADD,PUSH w_3 MLOAD DUP1 PUSH w_3 ADD,w_3,3,PUSH 64 DUP1 MLOAD SWAP1 DUP2 ADD PUSH 64,PUSH 64 MLOAD DUP1 PUSH 64 ADD PUSH 64,"PUSH(w_3, DUP1(MLOAD(SWAP1(DUP2(ADD(P)))))) ->  PUSH(w_3, MLOAD(DUP1(PUSH(w_3, ADD(P)))))"
PUSH w_1 DUP1 NOT AND,PUSH 0,w_1,9,PUSH 32 ADD PUSH 0 DUP1 NOT AND DUP2,PUSH 32 ADD PUSH 0 DUP2,"PUSH(w_1, DUP1(NOT(AND(P)))) -> PUSH(0, P)"
PUSH w_4 DUP1 DUP5 ADD DUP3 SWAP1,PUSH w_4 DUP2 DUP5 PUSH w_4 ADD,w_4,3,PUSH 4 PUSH 32 DUP1 DUP5 ADD DUP3 SWAP1,PUSH 4 PUSH 32 DUP2 DUP5 PUSH 32 ADD,"PUSH(w_4, DUP1(DUP5(ADD(DUP3(SWAP1(P)))))) ->  PUSH(w_4, DUP2(DUP5(PUSH(w_4, ADD(P)))))"
PUSH 1 ISZERO ISZERO DUP2 ISZERO ISZERO EQ,DUP1 SWAP1 ISZERO ISZERO,,9,POP PUSH 1 ISZERO ISZERO DUP2 ISZERO ISZERO EQ,POP DUP1 SWAP1 ISZERO ISZERO,"PUSH(1, ISZERO(ISZERO(DUP2(ISZERO(ISZERO(EQ(P))))))) ->  DUP1(SWAP1(ISZERO(ISZERO(P))))"
PUSH 0 DUP3 GT ISZERO,DUP2 ISZERO,,6,POP PUSH 0 DUP3 GT ISZERO PUSH 2941,POP DUP2 ISZERO PUSH 2941,"PUSH(0, DUP3(GT(ISZERO(P)))) -> DUP2(ISZERO(P))"
PUSH 0 DUP2 GT ISZERO,DUP1 ISZERO,,6,POP PUSH 0 DUP2 GT ISZERO PUSH 1188,POP DUP1 ISZERO PUSH 1188,"PUSH(0, DUP2(GT(ISZERO(P)))) -> DUP1(ISZERO(P))"
DUP2 SWAP1 SSTORE POP,SSTORE,,8,POP PUSH 0 PUSH 1 DUP2 SWAP1 SSTORE POP,POP PUSH 0 PUSH 1 SSTORE,DUP2(SWAP1(SSTORE(POP(P)))) -> SSTORE(P)
PUSH 0 ISZERO ISZERO DUP5 ISZERO ISZERO EQ,SWAP2 SWAP2 DUP4 ISZERO,,9,POP PUSH 0 ISZERO ISZERO DUP5 ISZERO ISZERO EQ,POP SWAP2 SWAP2 DUP4 ISZERO,"PUSH(0, ISZERO(ISZERO(DUP5(ISZERO(ISZERO(EQ(P))))))) ->  SWAP2(SWAP2(DUP4(ISZERO(P))))"
CALLER PUSH w_2 DUP2,CALLER PUSH w_2 CALLER,w_2,1,POP CALLER PUSH 2098 DUP2 PUSH 2726,POP CALLER PUSH 2098 CALLER PUSH 2726,"CALLER(PUSH(w_2, DUP2(P))) -> CALLER(PUSH(w_2, CALLER(P)))"
TIMESTAMP PUSH w_1 DUP1 DUP4 ADD SWAP2 SWAP1 SWAP2,PUSH w_1 TIMESTAMP DUP2 DUP4 ADD,w_1,9,TIMESTAMP PUSH 64 DUP1 DUP4 ADD SWAP2 SWAP1 SWAP2,PUSH 64 TIMESTAMP DUP2 DUP4 ADD,"TIMESTAMP(PUSH(w_1, DUP1(DUP4(ADD(SWAP2(SWAP1(SWAP2(P)))))))) ->  PUSH(w_1, TIMESTAMP(DUP2(DUP4(ADD(P)))))"
PUSH 0 EQ ISZERO ISZERO,ISZERO,,9,CALLVALUE PUSH 0 EQ ISZERO ISZERO PUSH 256,CALLVALUE ISZERO PUSH 256,"PUSH(0, EQ(ISZERO(ISZERO(P)))) -> ISZERO(P)"
CALLER PUSH w_1 DUP1 DUP4 ADD SWAP2 SWAP1 SWAP2,PUSH w_1 CALLER DUP2 DUP4 ADD,w_1,9,CALLER PUSH 32 DUP1 DUP4 ADD SWAP2 SWAP1 SWAP2,PUSH 32 CALLER DUP2 DUP4 ADD,"CALLER(PUSH(w_1, DUP1(DUP4(ADD(SWAP2(SWAP1(SWAP2(P)))))))) ->  PUSH(w_1, CALLER(DUP2(DUP4(ADD(P)))))"
CALLER PUSH w_2 ORIGIN DUP3 EQ,CALLER PUSH w_2 CALLER ORIGIN EQ,w_2,1,CALLER PUSH 0 ORIGIN DUP3 EQ PUSH 4154,CALLER PUSH 0 CALLER ORIGIN EQ PUSH 4154,"CALLER(PUSH(w_2, ORIGIN(DUP3(EQ(P))))) ->  CALLER(PUSH(w_2, CALLER(ORIGIN(EQ(P)))))"
PUSH w_1 DUP2 SWAP1,DUP1 PUSH w_1,w_1,3,PUSH 0 DUP2 SWAP1,DUP1 PUSH 0,"PUSH(w_1, DUP2(SWAP1(P))) -> DUP1(PUSH(w_1, P))"
DUP2 PUSH 0 DUP3 ADD SLOAD DUP2,DUP2 DUP2 SLOAD DUP4,,6,SWAP1 DUP2 PUSH 0 DUP3 ADD SLOAD DUP2,SWAP1 DUP2 DUP2 SLOAD DUP4,"DUP2(PUSH(0, DUP3(ADD(SLOAD(DUP2(P)))))) -> DUP2(DUP2(SLOAD(DUP4(P))))"
SWAP1 PUSH w_3 SWAP1 DUP2 SWAP1 DUP2,PUSH w_3 PUSH w_3 SWAP2 SWAP3 PUSH w_3,w_3,3,SWAP1 PUSH 21 SWAP1 DUP2 SWAP1 DUP2 DUP5,PUSH 21 PUSH 21 SWAP2 SWAP3 PUSH 21 DUP5,"SWAP1(PUSH(w_3, SWAP1(DUP2(SWAP1(DUP2(P)))))) ->  PUSH(w_3, PUSH(w_3, SWAP2(SWAP3(PUSH(w_3, P)))))"
DUP3 DUP3 GT ISZERO ISZERO,DUP2 DUP4 LT,,6,DUP3 DUP3 GT ISZERO ISZERO PUSH 6272,DUP2 DUP4 LT PUSH 6272,DUP3(DUP3(GT(ISZERO(ISZERO(P))))) -> DUP2(DUP4(LT(P)))
PUSH 0 DUP2 EQ,DUP1 ISZERO,,3,DUP3 PUSH 0 DUP2 EQ PUSH 770,DUP3 DUP1 ISZERO PUSH 770,"PUSH(0, DUP2(EQ(P))) -> DUP1(ISZERO(P))"
DUP2 DUP2 GT ISZERO ISZERO,DUP1 DUP3 LT,,6,DUP2 DUP2 GT ISZERO ISZERO PUSH 2137,DUP1 DUP3 LT PUSH 2137,DUP2(DUP2(GT(ISZERO(ISZERO(P))))) -> DUP1(DUP3(LT(P)))
GT ISZERO ISZERO,GT,,6,DUP2 GT ISZERO ISZERO ISZERO PUSH 2221,DUP2 GT ISZERO PUSH 2221,GT(ISZERO(ISZERO(P))) -> GT(P)
LT ISZERO ISZERO,LT,,6,DUP2 LT ISZERO ISZERO ISZERO PUSH 2905,DUP2 LT ISZERO PUSH 2905,LT(ISZERO(ISZERO(P))) -> LT(P)
ISZERO ISZERO ISZERO,ISZERO,,6,DUP2 LT ISZERO ISZERO ISZERO PUSH 2905,DUP2 LT ISZERO PUSH 2905,ISZERO(ISZERO(ISZERO(P))) -> ISZERO(P)
DUP1 DUP4 GT ISZERO ISZERO,DUP3 DUP2 LT,,6,DUP1 DUP4 GT ISZERO ISZERO PUSH 4282,DUP3 DUP2 LT PUSH 4282,DUP1(DUP4(GT(ISZERO(ISZERO(P))))) -> DUP3(DUP2(LT(P)))
DUP1 PUSH w_1 DUP2 SWAP1 SSTORE POP POP,PUSH w_1 SSTORE,w_1,13,DUP1 PUSH 1 DUP2 SWAP1 SSTORE POP POP,PUSH 1 SSTORE,"DUP1(PUSH(w_1, DUP2(SWAP1(SSTORE(POP(POP(P))))))) -> PUSH(w_1, SSTORE(P))"
PUSH 0 PUSH w_1 AND,PUSH 0,w_1,6,DUP1 PUSH 0 PUSH 65535 AND DUP2,DUP1 PUSH 0 DUP2,"PUSH(0, PUSH(w_1, AND(P))) -> PUSH(0, P)"
PUSH w_1 SLOAD SWAP1 POP,POP PUSH w_1 SLOAD,w_1,3,PUSH 100000008 SLOAD SWAP1 POP,POP PUSH 100000008 SLOAD,"PUSH(w_1, SLOAD(SWAP1(POP(P)))) -> POP(PUSH(w_1, SLOAD(P)))"
DUP3 SWAP1 POP,POP DUP2,,3,POP DUP3 SWAP1 POP,POP POP DUP2,DUP3(SWAP1(POP(P))) -> POP(DUP2(P))
PUSH w_2 SWAP1 POP,POP PUSH w_2,w_2,3,PUSH 27500 SWAP1 POP PUSH 4141,POP PUSH 27500 PUSH 4141,"PUSH(w_2, SWAP1(POP(P))) -> POP(PUSH(w_2, P))"
